{"metadata":{"asset_id":"88339592-b692-406d-aecb-6948e77c4bf5","asset_attributes":["notebook"],"name":"machinelearning-churn-batchscoring","asset_type":"notebook","created_at":"2020-04-24T19:43:45Z","description":"","origin_country":"us","owner_id":"1000331004","project_id":"3851edb4-f761-48b7-88d5-c0f25da323e8","sandbox_id":"3851edb4-f761-48b7-88d5-c0f25da323e8","size":94586,"tags":["notebook"],"usage":{"last_update_time":1587757528952,"last_updated_at":"2020-04-24T19:45:28Z"}},"entity":{"notebook":{"kernel":{"name":"python3","display_name":"Python 3.6","language":"python"},"originates_from":{"type":"file"},"runtime":{"environment":"jupconda36-3851edb4-f761-48b7-88d5-c0f25da323e8"}}},"attachments":[{"id":"8fd2eb2d-da7e-457a-8b1b-b2223b9453c0","version":2,"asset_type":"notebook","name":"attachment for notebook 88339592-b692-406d-aecb-6948e77c4bf5","description":"attachment for notebook 88339592-b692-406d-aecb-6948e77c4bf5","mime":"application/json","object_key":"notebook/machinelearning-churn-batchscoring_9kjIMO3cJ.ipynb","create_time":1587757425171,"size":94586,"is_remote":false,"is_managed":false,"is_referenced":true,"is_object_key_read_only":false,"is_user_provided_path_key":true,"transfer_complete":true,"is_partitioned":false,"complete_time_ticks":1587757425171,"user_data":{},"test_doc":0,"handle":{"key":"notebook/machinelearning-churn-batchscoring_9kjIMO3cJ.ipynb","upload_id":"done","max_part_num":1},"usage":{"access_count":0,"last_accessor_id":"1000331004","last_access_time":1587757425171}}]}