{"metadata":{"asset_id":"e9e78821-7980-4a92-bc7a-92ef739c8d93","asset_attributes":["notebook"],"name":"openscale-full-configuration","asset_type":"notebook","created_at":"2020-04-23T16:35:28Z","description":"","origin_country":"us","owner_id":"1000331004","project_id":"3851edb4-f761-48b7-88d5-c0f25da323e8","sandbox_id":"3851edb4-f761-48b7-88d5-c0f25da323e8","size":66304,"tags":["notebook"],"usage":{"last_update_time":1587659728837,"last_updated_at":"2020-04-23T16:35:28Z"}},"entity":{"notebook":{"kernel":"","originates_from":{"url":"https://raw.githubusercontent.com/IBM/cloudpakfordata-telco-churn-workshop/master/notebooks/ConfigureOpenScale.ipynb","type":"url"},"runtime":{"environment":"jupconda36-3851edb4-f761-48b7-88d5-c0f25da323e8"}}},"attachments":[{"id":"a9c1409a-ef3a-4747-aecb-8e96e29507e4","version":2,"asset_type":"notebook","name":"attachment for notebook e9e78821-7980-4a92-bc7a-92ef739c8d93","description":"attachment for notebook e9e78821-7980-4a92-bc7a-92ef739c8d93","mime":"application/json","object_key":"notebook/openscale-full-configuration_aXyPwMZ8V.ipynb","create_time":1587659728836,"size":66304,"is_remote":false,"is_managed":false,"is_referenced":true,"is_object_key_read_only":false,"is_user_provided_path_key":true,"transfer_complete":true,"is_partitioned":false,"complete_time_ticks":1587659728836,"user_data":{},"test_doc":0,"handle":{"key":"notebook/openscale-full-configuration_aXyPwMZ8V.ipynb","upload_id":"done","max_part_num":1},"usage":{"access_count":0,"last_accessor_id":"1000331004","last_access_time":1587659728836}}]}