{"metadata":{"asset_id":"76b081a6-f59c-4099-bcfe-5f5e8af82faa","asset_attributes":["data_asset","discovered_asset","data_profile"],"name":"MORTGAGE_CUSTOMER","asset_type":"data_asset","created_at":"2019-12-20T17:51:37Z","description":"Governed and trusted data to perform mortgage default analysis.","origin_country":"us","owner_id":"1000330999","project_id":"c3c3a235-1a34-4a5e-a88e-3b02881fca2a","sandbox_id":"c3c3a235-1a34-4a5e-a88e-3b02881fca2a","size":81259,"tags":["Mortgage","Default","Discovered"],"usage":{"last_update_time":1576864297741,"last_updated_at":"2019-12-20T17:51:37Z"}},"entity":{"data_asset":{"mime_type":"text/csv","dataset":true,"columns":[{"name":"ID","type":{"length":10,"nullable":true,"type":"integer","scale":0,"signed":true}},{"name":"INCOME","type":{"length":10,"nullable":true,"type":"integer","scale":0,"signed":true}},{"name":"APPLIEDONLINE","type":{"length":3,"nullable":true,"type":"varchar","scale":0,"signed":false}},{"name":"RESIDENCE","type":{"length":28,"nullable":true,"type":"varchar","scale":0,"signed":false}},{"name":"YRS_AT_CURRENT_ADDRESS","type":{"length":5,"nullable":true,"type":"smallint","scale":0,"signed":true}},{"name":"YRS_WITH_CURRENT_EMPLOYER","type":{"length":5,"nullable":true,"type":"smallint","scale":0,"signed":true}},{"name":"NUMBER_OF_CARDS","type":{"length":5,"nullable":true,"type":"smallint","scale":0,"signed":true}},{"name":"CREDITCARD_DEBT","type":{"length":5,"nullable":true,"type":"smallint","scale":0,"signed":true}},{"name":"LOANS","type":{"length":5,"nullable":true,"type":"smallint","scale":0,"signed":true}},{"name":"LOAN_AMOUNT","type":{"length":5,"nullable":true,"type":"smallint","scale":0,"signed":true}}]},"discovered_asset":{"connection_id":"29a4a9aa-8f31-4199-bd78-8e42d96afdcb","connection_path":"/MORTGAGE/MORTGAGE_CUSTOMER","discovery_id":"73d4e43fb8bc4f2b9194c635eb3dc19d","extended_metadata":[{"name":"num_columns","value":10},{"name":"parent_tables","value":[]},{"name":"num_children","value":0},{"name":"table_schema","value":"MORTGAGE"},{"name":"num_parents","value":0},{"name":"child_tables","value":[]},{"name":"table_type","value":"TABLE"}]},"data_profile":{"de7ba8e5-ce3a-4ebf-9d1b-61a569e1cf14":{"metadata":{"guid":"de7ba8e5-ce3a-4ebf-9d1b-61a569e1cf14","asset_id":"de7ba8e5-ce3a-4ebf-9d1b-61a569e1cf14","dataset_id":"adf179c9-09eb-4ef3-9564-1877c76a1253","url":"https://internal-nginx-svc:12443/v2/data_profiles/de7ba8e5-ce3a-4ebf-9d1b-61a569e1cf14?catalog_id=c97f21a3-d39f-4922-814c-9948ce9c91f0&dataset_id=adf179c9-09eb-4ef3-9564-1877c76a1253","catalog_id":"c97f21a3-d39f-4922-814c-9948ce9c91f0","created_at":"2019-12-18T17:10:34.651Z","accessed_at":"2019-12-18T17:10:34.651Z","owner":"admin","owner_id":"1000330999","last_updater_id":"1000330999"},"entity":{"data_profile":{"options":{"disable_profiling":false,"max_row_count":5000,"max_distribution_size":100,"max_numeric_stats_bins":100,"classification_options":{"disabled":false,"use_all_ibm_classes":true,"use_all_custom_classes":true,"ibm_class_codes":[],"custom_class_codes":[]}},"execution":{"status":"finished","is_supported":true,"dataflow_id":"9a3a47d9-7fb9-469e-be41-d2ec5fae60e5","dataflow_run_id":"d4eb6354-2e02-4747-844b-9c5b658051a1"},"columns":[],"attachment_id":"ee505264-e39f-4b53-a0b4-80902fb0fc05"}},"href":"https://internal-nginx-svc:12443/v2/data_profiles/de7ba8e5-ce3a-4ebf-9d1b-61a569e1cf14?catalog_id=c97f21a3-d39f-4922-814c-9948ce9c91f0&dataset_id=adf179c9-09eb-4ef3-9564-1877c76a1253"},"attribute_classes":["City","Boolean","Country Code","US Zip Code"]}},"attachments":[{"id":"e254f0a5-6a21-465a-8cf8-ec64a956c909","version":2,"asset_type":"data_asset","name":"reference_data","connection_id":"cc2459b8-2883-44f7-989a-9cf7bf894a6a","connection_path":"/MORTGAGE/MORTGAGE_CUSTOMER","create_time":1576864297627,"size":0,"is_remote":true,"is_managed":false,"is_referenced":false,"is_object_key_read_only":false,"is_user_provided_path_key":true,"transfer_complete":true,"is_partitioned":false,"complete_time_ticks":1576686646834,"user_data":{},"test_doc":0,"usage":{"access_count":2,"last_accessor_id":"1000330999","last_access_time":1576864297627}},{"id":"1eb56c65-368d-4fd9-86f3-8c4e817522d0","version":2,"asset_type":"data_profile","name":"data_profile_de7ba8e5-ce3a-4ebf-9d1b-61a569e1cf14","object_key":"data_profile/data_profile_de7ba8e5_ce3a_4ebf_9d1b_61a569e1cf14_1tg5xqi9ocerkv7mefsow06vk","create_time":1576864297643,"size":81259,"is_remote":false,"is_managed":false,"is_referenced":true,"is_object_key_read_only":false,"is_user_provided_path_key":true,"transfer_complete":true,"is_partitioned":false,"complete_time_ticks":1576690204276,"user_data":{},"test_doc":0,"handle":{"key":"data_profile/data_profile_de7ba8e5_ce3a_4ebf_9d1b_61a569e1cf14_1tg5xqi9ocerkv7mefsow06vk","upload_id":"done","max_part_num":1},"usage":{"access_count":1,"last_accessor_id":"1000330999","last_access_time":1576864297643}}]}