{"metadata":{"asset_id":"6c31a5ca-5444-4405-8f54-38e277446af8","asset_attributes":["data_asset","discovered_asset","data_profile"],"name":"MORTGAGE_PROPERTY","asset_type":"data_asset","created_at":"2019-12-20T17:51:37Z","description":"Governed and trusted data to perform mortgage default analysis.","origin_country":"us","owner_id":"1000330999","project_id":"c3c3a235-1a34-4a5e-a88e-3b02881fca2a","sandbox_id":"c3c3a235-1a34-4a5e-a88e-3b02881fca2a","size":29708,"tags":["Mortgage","Default","Discovered"],"usage":{"last_update_time":1576864297769,"last_updated_at":"2019-12-20T17:51:37Z"}},"entity":{"data_asset":{"mime_type":"text/csv","dataset":true,"columns":[{"name":"ID","type":{"length":10,"nullable":true,"type":"integer","scale":0,"signed":true}},{"name":"SALEPRICE","type":{"length":10,"nullable":true,"type":"integer","scale":0,"signed":true}},{"name":"LOCATION","type":{"length":4,"nullable":true,"type":"varchar","scale":0,"signed":false}}]},"discovered_asset":{"connection_id":"29a4a9aa-8f31-4199-bd78-8e42d96afdcb","connection_path":"/MORTGAGE/MORTGAGE_PROPERTY","discovery_id":"73d4e43fb8bc4f2b9194c635eb3dc19d","extended_metadata":[{"name":"num_columns","value":3},{"name":"parent_tables","value":[]},{"name":"num_children","value":0},{"name":"table_schema","value":"MORTGAGE"},{"name":"num_parents","value":0},{"name":"child_tables","value":[]},{"name":"table_type","value":"TABLE"}]},"data_profile":{"2034fb45-3f98-4ab4-8a49-49702c62b31f":{"metadata":{"guid":"2034fb45-3f98-4ab4-8a49-49702c62b31f","asset_id":"2034fb45-3f98-4ab4-8a49-49702c62b31f","dataset_id":"f0ff771b-0359-46fb-85b9-98264c6f2a04","url":"https://internal-nginx-svc:12443/v2/data_profiles/2034fb45-3f98-4ab4-8a49-49702c62b31f?catalog_id=c97f21a3-d39f-4922-814c-9948ce9c91f0&dataset_id=f0ff771b-0359-46fb-85b9-98264c6f2a04","catalog_id":"c97f21a3-d39f-4922-814c-9948ce9c91f0","created_at":"2019-12-18T17:10:36.388Z","accessed_at":"2019-12-18T17:10:36.388Z","owner":"admin","owner_id":"1000330999","last_updater_id":"1000330999"},"entity":{"data_profile":{"options":{"disable_profiling":false,"max_row_count":5000,"max_distribution_size":100,"max_numeric_stats_bins":100,"classification_options":{"disabled":false,"use_all_ibm_classes":true,"use_all_custom_classes":true,"ibm_class_codes":[],"custom_class_codes":[]}},"execution":{"status":"finished","is_supported":true,"dataflow_id":"da871a33-a09a-4b06-8956-f72e079e5081","dataflow_run_id":"10472bb2-e41f-4c2f-9d7d-780c77ae38d9"},"columns":[],"attachment_id":"fd07c4aa-54df-4f52-b4bf-84a8074bf740"}},"href":"https://internal-nginx-svc:12443/v2/data_profiles/2034fb45-3f98-4ab4-8a49-49702c62b31f?catalog_id=c97f21a3-d39f-4922-814c-9948ce9c91f0&dataset_id=f0ff771b-0359-46fb-85b9-98264c6f2a04"}}},"attachments":[{"id":"9e1905e9-074e-4fa5-bc87-437d2f444c44","version":2,"asset_type":"data_asset","name":"reference_data","connection_id":"cc2459b8-2883-44f7-989a-9cf7bf894a6a","connection_path":"/MORTGAGE/MORTGAGE_PROPERTY","create_time":1576864297622,"size":0,"is_remote":true,"is_managed":false,"is_referenced":false,"is_object_key_read_only":false,"is_user_provided_path_key":true,"transfer_complete":true,"is_partitioned":false,"complete_time_ticks":1576686651658,"user_data":{},"test_doc":0,"usage":{"access_count":2,"last_accessor_id":"1000330999","last_access_time":1576864297622}},{"id":"1e252cda-a87c-446e-a3af-b3b0b9098832","version":2,"asset_type":"data_profile","name":"data_profile_2034fb45-3f98-4ab4-8a49-49702c62b31f","object_key":"data_profile/data_profile_2034fb45_3f98_4ab4_8a49_49702c62b31f_1s8xjtqteabpym31gxjxnss36","create_time":1576864297630,"size":29708,"is_remote":false,"is_managed":false,"is_referenced":true,"is_object_key_read_only":false,"is_user_provided_path_key":true,"transfer_complete":true,"is_partitioned":false,"complete_time_ticks":1576690194508,"user_data":{},"test_doc":0,"handle":{"key":"data_profile/data_profile_2034fb45_3f98_4ab4_8a49_49702c62b31f_1s8xjtqteabpym31gxjxnss36","upload_id":"done","max_part_num":1},"usage":{"access_count":1,"last_accessor_id":"1000330999","last_access_time":1576864297630}}]}