{"metadata":{"asset_id":"9681a015-33a5-4b9d-8038-6f792cfe5e72","asset_attributes":["data_asset","discovered_asset","data_profile","asset_terms","column_info","policy_transform"],"name":"MORTGAGE_APPLICANT","asset_type":"data_asset","created_at":"2019-12-20T17:51:37Z","description":"Governed and trusted data to perform mortgage default analysis.","origin_country":"us","owner_id":"1000330999","project_id":"c3c3a235-1a34-4a5e-a88e-3b02881fca2a","sandbox_id":"c3c3a235-1a34-4a5e-a88e-3b02881fca2a","size":179700,"tags":["Mortgage","Default","Discovered"],"usage":{"last_update_time":1576864297381,"last_updated_at":"2019-12-20T17:51:37Z"}},"entity":{"data_asset":{"mime_type":"text/csv","dataset":true,"columns":[{"name":"ID","type":{"length":7,"nullable":true,"type":"varchar","scale":0,"signed":false}},{"name":"NAME","type":{"length":50,"nullable":true,"type":"varchar","scale":0,"signed":false}},{"name":"STREET_ADDRESS","type":{"length":50,"nullable":true,"type":"varchar","scale":0,"signed":false}},{"name":"CITY","type":{"length":30,"nullable":true,"type":"varchar","scale":0,"signed":false}},{"name":"STATE","type":{"length":25,"nullable":true,"type":"varchar","scale":0,"signed":false}},{"name":"STATE_CODE","type":{"length":5,"nullable":true,"type":"varchar","scale":0,"signed":false}},{"name":"ZIP_CODE","type":{"length":9,"nullable":true,"type":"varchar","scale":0,"signed":false}},{"name":"EMAIL_ADDRESS","type":{"length":40,"nullable":true,"type":"varchar","scale":0,"signed":false}},{"name":"PHONE_NUMBER","type":{"length":17,"nullable":true,"type":"varchar","scale":0,"signed":false}},{"name":"GENDER","type":{"length":6,"nullable":true,"type":"varchar","scale":0,"signed":false}},{"name":"SOCIAL_SECURITY_NUMBER","type":{"length":16,"nullable":true,"type":"varchar","scale":0,"signed":false}},{"name":"EDUCATION","type":{"length":20,"nullable":true,"type":"varchar","scale":0,"signed":false}},{"name":"EMPLOYMENT_STATUS","type":{"length":13,"nullable":true,"type":"varchar","scale":0,"signed":false}},{"name":"MARITAL_STATUS","type":{"length":8,"nullable":true,"type":"varchar","scale":0,"signed":false}}]},"discovered_asset":{"connection_id":"29a4a9aa-8f31-4199-bd78-8e42d96afdcb","connection_path":"/MORTGAGE/MORTGAGE_CUSTOMER_APPLICANT","discovery_id":"73d4e43fb8bc4f2b9194c635eb3dc19d","extended_metadata":[{"name":"num_columns","value":14},{"name":"parent_tables","value":[]},{"name":"num_children","value":0},{"name":"table_schema","value":"MORTGAGE"},{"name":"num_parents","value":0},{"name":"child_tables","value":[]},{"name":"table_type","value":"TABLE"}]},"data_profile":{"2937bf85-0d82-4ef7-b3f9-2ffc95844b46":{"metadata":{"guid":"2937bf85-0d82-4ef7-b3f9-2ffc95844b46","asset_id":"2937bf85-0d82-4ef7-b3f9-2ffc95844b46","dataset_id":"21bb976e-925c-4dc5-b089-c7afce20cc3f","url":"https://internal-nginx-svc:12443/v2/data_profiles/2937bf85-0d82-4ef7-b3f9-2ffc95844b46?catalog_id=c97f21a3-d39f-4922-814c-9948ce9c91f0&dataset_id=21bb976e-925c-4dc5-b089-c7afce20cc3f","catalog_id":"c97f21a3-d39f-4922-814c-9948ce9c91f0","created_at":"2019-12-18T17:10:33.106Z","accessed_at":"2019-12-18T17:10:33.106Z","owner":"admin","owner_id":"1000330999","last_updater_id":"1000330999"},"entity":{"data_profile":{"options":{"disable_profiling":false,"max_row_count":5000,"max_distribution_size":100,"max_numeric_stats_bins":100,"classification_options":{"disabled":false,"use_all_ibm_classes":true,"use_all_custom_classes":true,"ibm_class_codes":[],"custom_class_codes":[]}},"execution":{"status":"finished","is_supported":true,"dataflow_id":"95917383-9935-46c3-b503-48bf5441cd10","dataflow_run_id":"ddf8a3e3-c84c-4c2d-a686-6a6f195f69a3"},"columns":[],"attachment_id":"8104afd5-8cd8-4c2e-95a2-99183bb7d539"}},"href":"https://internal-nginx-svc:12443/v2/data_profiles/2937bf85-0d82-4ef7-b3f9-2ffc95844b46?catalog_id=c97f21a3-d39f-4922-814c-9948ce9c91f0&dataset_id=21bb976e-925c-4dc5-b089-c7afce20cc3f"},"attribute_classes":["US Phone Number","State/Province Name","Gender","City","US State Capital Name","Name Suffix","Legal Marital/Civil Status.","Color","Country Code","US Zip Code","US Social Security Number","Email Address","US County","Fortune 1000 Company","US State Name","Commercial and Government Entity Code","Country Name","Canada Province Name","Honorific","US State Code","US Street Name"]},"asset_terms":{"list":[{"term_display_name":"Social Security Number","term_id":"5d2d5419-0032-4c64-90e2-ce68c6997bb5_5ff6c56d-a173-49cf-a2dc-a2df5bf53436"},{"term_display_name":"Email Address","term_id":"5d2d5419-0032-4c64-90e2-ce68c6997bb5_193e4005-753d-4631-86ee-ea5db29db136"},{"term_display_name":"Phone Number","term_id":"5d2d5419-0032-4c64-90e2-ce68c6997bb5_5ef13e40-9e25-42e9-be06-a72b7caf67b3"}]},"column_info":{"EMAIL_ADDRESS":{"column_terms":[{"term_display_name":"Email Address","term_id":"5d2d5419-0032-4c64-90e2-ce68c6997bb5_193e4005-753d-4631-86ee-ea5db29db136"}]},"PHONE_NUMBER":{"column_terms":[{"term_display_name":"Phone Number","term_id":"5d2d5419-0032-4c64-90e2-ce68c6997bb5_5ef13e40-9e25-42e9-be06-a72b7caf67b3"}]},"SOCIAL_SECURITY_NUMBER":{"column_terms":[{"term_display_name":"Social Security Number","term_id":"5d2d5419-0032-4c64-90e2-ce68c6997bb5_5ff6c56d-a173-49cf-a2dc-a2df5bf53436"}]}},"policy_transform":{"reason":{"policy_ids":["f9108703-a200-412f-96e9-ccf3db453d82"],"rule_ids":["bdbb8a6a-cd87-4455-beed-75f442f9e822"],"message":"Please enforce transformation based on specification"},"transform_specs":[{"operation_type":"research/pseudo","parameters":[{"dataclass":"SSN","name":"SOCIAL_SECURITY_NUMBER"}]},{"operation_type":"research/pseudo","parameters":[{"dataclass":"EA","name":"EMAIL_ADDRESS"}]},{"operation_type":"research/pseudo","parameters":[{"dataclass":"USPHN","name":"PHONE_NUMBER"}]}],"transformed_columns":[{"name":"SOCIAL_SECURITY_NUMBER","operation":"pseudomized","policy_id":"f9108703-a200-412f-96e9-ccf3db453d82","rule_id":"bdbb8a6a-cd87-4455-beed-75f442f9e822"},{"name":"EMAIL_ADDRESS","operation":"pseudomized","policy_id":"f9108703-a200-412f-96e9-ccf3db453d82","rule_id":"bdbb8a6a-cd87-4455-beed-75f442f9e822"},{"name":"PHONE_NUMBER","operation":"pseudomized","policy_id":"f9108703-a200-412f-96e9-ccf3db453d82","rule_id":"bdbb8a6a-cd87-4455-beed-75f442f9e822"}],"outcome":"Transform"}},"attachments":[{"id":"ead8826c-aaba-4eb6-b0b3-66ac9f52466e","version":2,"asset_type":"data_asset","name":"reference_data","connection_id":"cc2459b8-2883-44f7-989a-9cf7bf894a6a","connection_path":"/MORTGAGE/MORTGAGE_CUSTOMER_APPLICANT","create_time":1576864295914,"size":0,"is_remote":true,"is_managed":false,"is_referenced":false,"is_object_key_read_only":false,"is_user_provided_path_key":true,"transfer_complete":true,"is_partitioned":false,"complete_time_ticks":1576686651572,"user_data":{},"test_doc":0,"usage":{"access_count":2,"last_accessor_id":"1000330999","last_access_time":1576864295914}},{"id":"7f2b3948-c943-4a2b-9701-745fa12c6dcd","version":2,"asset_type":"data_profile","name":"data_profile_2937bf85-0d82-4ef7-b3f9-2ffc95844b46","object_key":"data_profile/data_profile_2937bf85_0d82_4ef7_b3f9_2ffc95844b46_7j176h68mpu3ye5pshq6tg43x","create_time":1576864297290,"size":179700,"is_remote":false,"is_managed":false,"is_referenced":true,"is_object_key_read_only":false,"is_user_provided_path_key":true,"transfer_complete":true,"is_partitioned":false,"complete_time_ticks":1576690211877,"user_data":{},"test_doc":0,"handle":{"key":"data_profile/data_profile_2937bf85_0d82_4ef7_b3f9_2ffc95844b46_7j176h68mpu3ye5pshq6tg43x","upload_id":"done","max_part_num":1},"usage":{"access_count":1,"last_accessor_id":"1000330999","last_access_time":1576864297290}}]}