{"metadata":{"asset_id":"6fd905f9-23e1-466b-9c26-e3bd5af94954","asset_attributes":["data_asset","discovered_asset","data_profile"],"name":"MORTGAGE_DEFAULT","asset_type":"data_asset","created_at":"2019-12-20T17:51:37Z","description":"Governed and trusted data to perform mortgage default analysis.","origin_country":"us","owner_id":"1000330999","project_id":"c3c3a235-1a34-4a5e-a88e-3b02881fca2a","sandbox_id":"c3c3a235-1a34-4a5e-a88e-3b02881fca2a","size":17652,"tags":["Mortgage","Default","Discovered"],"usage":{"last_update_time":1576864297655,"last_updated_at":"2019-12-20T17:51:37Z"}},"entity":{"data_asset":{"mime_type":"text/csv","dataset":true,"columns":[{"name":"ID","type":{"length":10,"nullable":true,"type":"integer","scale":0,"signed":true}},{"name":"MORTGAGE_DEFAULT","type":{"length":3,"nullable":true,"type":"varchar","scale":0,"signed":false}}]},"discovered_asset":{"connection_id":"29a4a9aa-8f31-4199-bd78-8e42d96afdcb","connection_path":"/MORTGAGE/MORTGAGE_DEFAULT","discovery_id":"73d4e43fb8bc4f2b9194c635eb3dc19d","extended_metadata":[{"name":"num_columns","value":2},{"name":"parent_tables","value":[]},{"name":"num_children","value":0},{"name":"table_schema","value":"MORTGAGE"},{"name":"num_parents","value":0},{"name":"child_tables","value":[]},{"name":"table_type","value":"TABLE"}]},"data_profile":{"7a13b809-4157-457c-8a59-d82e16f922dc":{"metadata":{"guid":"7a13b809-4157-457c-8a59-d82e16f922dc","asset_id":"7a13b809-4157-457c-8a59-d82e16f922dc","dataset_id":"8f29e4f7-91cc-4b2e-9fb0-03966f33271d","url":"https://internal-nginx-svc:12443/v2/data_profiles/7a13b809-4157-457c-8a59-d82e16f922dc?catalog_id=c97f21a3-d39f-4922-814c-9948ce9c91f0&dataset_id=8f29e4f7-91cc-4b2e-9fb0-03966f33271d","catalog_id":"c97f21a3-d39f-4922-814c-9948ce9c91f0","created_at":"2019-12-18T17:10:38.505Z","accessed_at":"2019-12-18T17:10:38.505Z","owner":"admin","owner_id":"1000330999","last_updater_id":"1000330999"},"entity":{"data_profile":{"options":{"disable_profiling":false,"max_row_count":5000,"max_distribution_size":100,"max_numeric_stats_bins":100,"classification_options":{"disabled":false,"use_all_ibm_classes":true,"use_all_custom_classes":true,"ibm_class_codes":[],"custom_class_codes":[]}},"execution":{"status":"finished","is_supported":true,"dataflow_id":"8d8742fc-ffad-4ced-b7ba-89ae49610784","dataflow_run_id":"d08761f4-0ea5-485c-bc68-1198e6c00404"},"columns":[],"attachment_id":"5b54debd-ecda-407b-a394-4f94dac27cd1"}},"href":"https://internal-nginx-svc:12443/v2/data_profiles/7a13b809-4157-457c-8a59-d82e16f922dc?catalog_id=c97f21a3-d39f-4922-814c-9948ce9c91f0&dataset_id=8f29e4f7-91cc-4b2e-9fb0-03966f33271d"},"attribute_classes":["City","Boolean","Country Code"]}},"attachments":[{"id":"9f1ac7f8-93f9-4a45-abc5-87044e92a4e9","version":2,"asset_type":"data_asset","name":"reference_data","connection_id":"cc2459b8-2883-44f7-989a-9cf7bf894a6a","connection_path":"/MORTGAGE/MORTGAGE_DEFAULT","create_time":1576864297583,"size":0,"is_remote":true,"is_managed":false,"is_referenced":false,"is_object_key_read_only":false,"is_user_provided_path_key":true,"transfer_complete":true,"is_partitioned":false,"complete_time_ticks":1576686646847,"user_data":{},"test_doc":0,"usage":{"access_count":2,"last_accessor_id":"1000330999","last_access_time":1576864297583}},{"id":"b381665d-2c4a-4b6a-bcd5-2658fc7c33ad","version":2,"asset_type":"data_profile","name":"data_profile_7a13b809-4157-457c-8a59-d82e16f922dc","object_key":"data_profile/data_profile_7a13b809_4157_457c_8a59_d82e16f922dc_amksovqs1aze7h73w4nol4gx9","create_time":1576864297593,"size":17652,"is_remote":false,"is_managed":false,"is_referenced":true,"is_object_key_read_only":false,"is_user_provided_path_key":true,"transfer_complete":true,"is_partitioned":false,"complete_time_ticks":1576690196889,"user_data":{},"test_doc":0,"handle":{"key":"data_profile/data_profile_7a13b809_4157_457c_8a59_d82e16f922dc_amksovqs1aze7h73w4nol4gx9","upload_id":"done","max_part_num":1},"usage":{"access_count":1,"last_accessor_id":"1000330999","last_access_time":1576864297593}}]}