{"metadata":{"asset_id":"31ee2db7-2888-4f42-a1e8-33fd474c634b","asset_attributes":["data_flow"],"name":"Mortgage Records Full with Applicants","asset_type":"data_flow","created_at":"2019-12-20T18:09:39Z","description":"Add the mortgage applicant data to the full records full dataset being used by the analytics team. Break the name out into first and last name and create an address field that combines all address data together.","origin_country":"us","owner_id":"1000330999","project_id":"c3c3a235-1a34-4a5e-a88e-3b02881fca2a","sandbox_id":"c3c3a235-1a34-4a5e-a88e-3b02881fca2a","size":0,"tags":[],"usage":{"last_update_time":1576876860295,"last_updated_at":"2019-12-20T21:21:00Z"}},"entity":{"data_flow":{"_entity_only":false}},"attachments":[{"id":"0c5903a2-fcb1-4a66-911b-7fccbf442437","version":2,"asset_type":"data_flow","name":"data_flow","description":"Add the mortgage applicant data to the full records full dataset being used by the analytics team. Break the name out into first and last name and create an address field that combines all address data together.","mime":"application/json","object_key":"data_flow/Mortgage Records Full with Applicants","create_time":1576865379289,"size":0,"is_remote":false,"is_managed":false,"is_referenced":true,"is_object_key_read_only":false,"is_user_provided_path_key":true,"transfer_complete":true,"is_partitioned":true,"complete_time_ticks":1576865379289,"user_data":{},"test_doc":0,"handle":{"key":"data_flow/Mortgage Records Full with Applicants","upload_id":"done","max_part_num":1},"usage":{"access_count":0,"last_accessor_id":"1000330999","last_access_time":1576865379289}}]}