{"metadata":{"asset_id":"439f28c8-f3a7-46b6-9a40-77e22b49f6b4","asset_attributes":["data_asset"],"name":"AUTO_INSURANCE_CLAIM","asset_type":"data_asset","created_at":"2020-01-22T17:15:32Z","description":"Governed and trusted data to perform auto insurance claim fraud analysis.","origin_country":"none","owner_id":"1000330999","project_id":"c48972a7-864d-46c3-86cb-27be583bbef5","sandbox_id":"c48972a7-864d-46c3-86cb-27be583bbef5","size":0,"tags":["Discovered","Insurance"],"usage":{"last_update_time":1579737502116,"last_updated_at":"2020-01-22T23:58:22Z"}},"entity":{"data_asset":{"mime_type":"application/octet-stream","dataset":true,"columns":[{"name":"CUSTOMER","type":{"length":7,"nullable":true,"type":"varchar","scale":0,"signed":false}},{"name":"CLAIM_ID","type":{"length":19,"nullable":true,"type":"bigint","scale":0,"signed":true}},{"name":"POLICY_ID","type":{"length":9,"nullable":true,"type":"varchar","scale":0,"signed":false}},{"name":"FIRST_NOTICE_OF_LOSS_DATE","type":{"length":10,"nullable":true,"type":"date","scale":0,"signed":false}},{"name":"RESPONSE","type":{"length":3,"nullable":true,"type":"varchar","scale":0,"signed":false}},{"name":"CLAIM_REASON","type":{"length":12,"nullable":true,"type":"varchar","scale":0,"signed":false}},{"name":"INCIDENT_SUMMARY","type":{"length":175,"nullable":true,"type":"varchar","scale":0,"signed":false}},{"name":"CLAIM_AMOUNT","type":{"length":17,"nullable":true,"type":"decimal","scale":7,"signed":true}},{"name":"TOTAL_CLAIM_AMOUNT","type":{"length":16,"nullable":true,"type":"decimal","scale":6,"signed":true}}]}},"attachments":[{"id":"eead3784-0659-4cb7-a5bf-2e63396855ba","version":2,"asset_type":"data_asset","name":"remote","description":"remote","connection_id":"d0cc283f-0464-42fe-ae0f-3dad13b8b343","connection_path":"/INSURANCE/AUTO_INSURANCE_CLAIM","create_time":1579713333181,"size":0,"is_remote":true,"is_managed":false,"is_referenced":false,"is_object_key_read_only":false,"is_user_provided_path_key":true,"transfer_complete":true,"is_partitioned":false,"complete_time_ticks":1579713333181,"user_data":{},"test_doc":0,"usage":{"access_count":0,"last_accessor_id":"icp4d-dev","last_access_time":1579713333181}}]}