{"metadata":{"asset_id":"64245839-b89d-4881-8900-9e4eb938008c","asset_attributes":["data_asset"],"name":"CUSTOMER_ATTRITION","asset_type":"data_asset","created_at":"2020-01-22T17:15:32Z","description":"Governed and trusted data to perform customer attrition analysis.","origin_country":"none","owner_id":"1000330999","project_id":"c48972a7-864d-46c3-86cb-27be583bbef5","sandbox_id":"c48972a7-864d-46c3-86cb-27be583bbef5","size":0,"tags":["Discovered","Customer"],"usage":{"last_update_time":1579713334584,"last_updated_at":"2020-01-22T17:15:34Z"}},"entity":{"data_asset":{"mime_type":"application/octet-stream","dataset":true,"columns":[{"name":"ID","type":{"length":5,"nullable":true,"type":"smallint","scale":0,"signed":true}},{"name":"CHURNRISK","type":{"length":6,"nullable":true,"type":"varchar","scale":0,"signed":false}}]}},"attachments":[{"id":"0b24fe69-bb30-448a-871f-770e967c60d9","version":2,"asset_type":"data_asset","name":"remote","description":"remote","connection_id":"d0cc283f-0464-42fe-ae0f-3dad13b8b343","connection_path":"/CUSTOMER/CUSTOMER_CHURN","create_time":1579713332762,"size":0,"is_remote":true,"is_managed":false,"is_referenced":false,"is_object_key_read_only":false,"is_user_provided_path_key":true,"transfer_complete":true,"is_partitioned":false,"complete_time_ticks":1579713332762,"user_data":{},"test_doc":0,"usage":{"access_count":0,"last_accessor_id":"icp4d-dev","last_access_time":1579713332762}}]}