{"metadata":{"asset_id":"67d1ca08-c117-4487-964e-2198cea71f23","asset_attributes":["data_asset"],"name":"MORTGAGE_CUSTOMER","asset_type":"data_asset","created_at":"2020-01-22T17:15:32Z","description":"Governed and trusted data to perform mortgage default analysis.","origin_country":"none","owner_id":"1000330999","project_id":"c48972a7-864d-46c3-86cb-27be583bbef5","sandbox_id":"c48972a7-864d-46c3-86cb-27be583bbef5","size":0,"tags":["Discovered","Mortgage"],"usage":{"last_update_time":1579713334465,"last_updated_at":"2020-01-22T17:15:34Z"}},"entity":{"data_asset":{"mime_type":"application/octet-stream","dataset":true,"columns":[{"name":"ID","type":{"length":10,"nullable":true,"type":"integer","scale":0,"signed":true}},{"name":"INCOME","type":{"length":10,"nullable":true,"type":"integer","scale":0,"signed":true}},{"name":"APPLIEDONLINE","type":{"length":3,"nullable":true,"type":"varchar","scale":0,"signed":false}},{"name":"RESIDENCE","type":{"length":28,"nullable":true,"type":"varchar","scale":0,"signed":false}},{"name":"YRS_AT_CURRENT_ADDRESS","type":{"length":5,"nullable":true,"type":"smallint","scale":0,"signed":true}},{"name":"YRS_WITH_CURRENT_EMPLOYER","type":{"length":5,"nullable":true,"type":"smallint","scale":0,"signed":true}},{"name":"NUMBER_OF_CARDS","type":{"length":5,"nullable":true,"type":"smallint","scale":0,"signed":true}},{"name":"CREDITCARD_DEBT","type":{"length":5,"nullable":true,"type":"smallint","scale":0,"signed":true}},{"name":"LOANS","type":{"length":5,"nullable":true,"type":"smallint","scale":0,"signed":true}},{"name":"LOAN_AMOUNT","type":{"length":5,"nullable":true,"type":"smallint","scale":0,"signed":true}}]}},"attachments":[{"id":"49721150-fe0e-4efe-86c7-5139080bffca","version":2,"asset_type":"data_asset","name":"remote","description":"remote","connection_id":"d0cc283f-0464-42fe-ae0f-3dad13b8b343","connection_path":"/MORTGAGE/MORTGAGE_CUSTOMER","create_time":1579713333181,"size":0,"is_remote":true,"is_managed":false,"is_referenced":false,"is_object_key_read_only":false,"is_user_provided_path_key":true,"transfer_complete":true,"is_partitioned":false,"complete_time_ticks":1579713333181,"user_data":{},"test_doc":0,"usage":{"access_count":0,"last_accessor_id":"icp4d-dev","last_access_time":1579713333181}}]}