{"metadata":{"asset_id":"8f3165a8-3a17-4144-b493-e9c293a8e186","asset_attributes":["data_asset"],"name":"MORTGAGE_APPLICANT","asset_type":"data_asset","created_at":"2020-01-22T17:15:32Z","description":"Governed and trusted data to perform mortgage default analysis.","origin_country":"none","owner_id":"1000330999","project_id":"c48972a7-864d-46c3-86cb-27be583bbef5","sandbox_id":"c48972a7-864d-46c3-86cb-27be583bbef5","size":0,"tags":["Discovered","Mortgage"],"usage":{"last_update_time":1579713333805,"last_updated_at":"2020-01-22T17:15:33Z"}},"entity":{"data_asset":{"mime_type":"application/octet-stream","dataset":true,"columns":[{"name":"ID","type":{"length":10,"nullable":true,"type":"integer","scale":0,"signed":true}},{"name":"NAME","type":{"length":50,"nullable":true,"type":"varchar","scale":0,"signed":false}},{"name":"STREET_ADDRESS","type":{"length":50,"nullable":true,"type":"varchar","scale":0,"signed":false}},{"name":"CITY","type":{"length":30,"nullable":true,"type":"varchar","scale":0,"signed":false}},{"name":"STATE","type":{"length":25,"nullable":true,"type":"varchar","scale":0,"signed":false}},{"name":"STATE_CODE","type":{"length":5,"nullable":true,"type":"varchar","scale":0,"signed":false}},{"name":"ZIP_CODE","type":{"length":9,"nullable":true,"type":"varchar","scale":0,"signed":false}},{"name":"EMAIL_ADDRESS","type":{"length":40,"nullable":true,"type":"varchar","scale":0,"signed":false}},{"name":"PHONE_NUMBER","type":{"length":17,"nullable":true,"type":"varchar","scale":0,"signed":false}},{"name":"GENDER","type":{"length":6,"nullable":true,"type":"varchar","scale":0,"signed":false}},{"name":"SOCIAL_SECURITY_NUMBER","type":{"length":16,"nullable":true,"type":"varchar","scale":0,"signed":false}},{"name":"EDUCATION","type":{"length":20,"nullable":true,"type":"varchar","scale":0,"signed":false}},{"name":"EMPLOYMENT_STATUS","type":{"length":13,"nullable":true,"type":"varchar","scale":0,"signed":false}},{"name":"MARITAL_STATUS","type":{"length":8,"nullable":true,"type":"varchar","scale":0,"signed":false}}]}},"attachments":[{"id":"a560f9a5-a5a5-4ba8-bbce-9387f5b806f9","version":2,"asset_type":"data_asset","name":"remote","description":"remote","connection_id":"d0cc283f-0464-42fe-ae0f-3dad13b8b343","connection_path":"/MORTGAGE/MORTGAGE_APPLICANT","create_time":1579713332938,"size":0,"is_remote":true,"is_managed":false,"is_referenced":false,"is_object_key_read_only":false,"is_user_provided_path_key":true,"transfer_complete":true,"is_partitioned":false,"complete_time_ticks":1579713332938,"user_data":{},"test_doc":0,"usage":{"access_count":0,"last_accessor_id":"icp4d-dev","last_access_time":1579713332938}}]}