{"metadata":{"asset_id":"f10832cc-77cc-49c3-a2c8-42a5e1b0f257","asset_attributes":["data_asset"],"name":"CUSTOMER","asset_type":"data_asset","created_at":"2020-01-22T17:15:32Z","description":"Governed and trusted data to perform customer attrition and auto insurance claim fraud analysis.","origin_country":"none","owner_id":"1000330999","project_id":"c48972a7-864d-46c3-86cb-27be583bbef5","sandbox_id":"c48972a7-864d-46c3-86cb-27be583bbef5","size":0,"tags":["Discovered","Customer"],"usage":{"last_update_time":1579713334058,"last_updated_at":"2020-01-22T17:15:34Z"}},"entity":{"data_asset":{"mime_type":"application/octet-stream","dataset":true,"columns":[{"name":"CUSTOMER","type":{"length":7,"nullable":true,"type":"varchar","scale":0,"signed":false}},{"name":"NAME","type":{"length":50,"nullable":true,"type":"varchar","scale":0,"signed":false}},{"name":"COUNTRY","type":{"length":4,"nullable":true,"type":"varchar","scale":0,"signed":false}},{"name":"LATITUDE","type":{"length":21,"nullable":true,"type":"decimal","scale":9,"signed":true}},{"name":"LONGITUDE","type":{"length":21,"nullable":true,"type":"decimal","scale":9,"signed":true}},{"name":"STREET_ADDRESS","type":{"length":50,"nullable":true,"type":"varchar","scale":0,"signed":false}},{"name":"CITY","type":{"length":30,"nullable":true,"type":"varchar","scale":0,"signed":false}},{"name":"STATE","type":{"length":25,"nullable":true,"type":"varchar","scale":0,"signed":false}},{"name":"STATE_CODE","type":{"length":5,"nullable":true,"type":"varchar","scale":0,"signed":false}},{"name":"ZIP_CODE","type":{"length":9,"nullable":true,"type":"varchar","scale":0,"signed":false}},{"name":"EMAIL_ADDRESS","type":{"length":40,"nullable":true,"type":"varchar","scale":0,"signed":false}},{"name":"PHONE_NUMBER","type":{"length":17,"nullable":true,"type":"varchar","scale":0,"signed":false}},{"name":"GENDER","type":{"length":6,"nullable":true,"type":"varchar","scale":0,"signed":false}},{"name":"NATIONAL_ID","type":{"length":16,"nullable":true,"type":"varchar","scale":0,"signed":false}},{"name":"CREDITCARD_NUMBER","type":{"length":16,"nullable":true,"type":"varchar","scale":0,"signed":false}},{"name":"CREDITCARD_TYPE","type":{"length":16,"nullable":true,"type":"varchar","scale":0,"signed":false}},{"name":"CREDITCARD_EXP","type":{"length":5,"nullable":true,"type":"varchar","scale":0,"signed":false}},{"name":"CREDITCARD_CVV","type":{"length":5,"nullable":true,"type":"smallint","scale":0,"signed":true}},{"name":"EDUCATION","type":{"length":20,"nullable":true,"type":"varchar","scale":0,"signed":false}},{"name":"EMPLOYMENT_STATUS","type":{"length":13,"nullable":true,"type":"varchar","scale":0,"signed":false}},{"name":"INCOME","type":{"length":10,"nullable":true,"type":"integer","scale":0,"signed":true}},{"name":"MARITAL_STATUS","type":{"length":8,"nullable":true,"type":"varchar","scale":0,"signed":false}},{"name":"CUSTOMER_LIFETIME_VALUE","type":{"length":16,"nullable":true,"type":"decimal","scale":6,"signed":true}},{"name":"NUMBER_OF_POLICIES","type":{"length":5,"nullable":true,"type":"smallint","scale":0,"signed":true}},{"name":"NUMBER_OF_CLOSED_COMPLAINTS","type":{"length":5,"nullable":true,"type":"smallint","scale":0,"signed":true}},{"name":"NUMBER_OF_COMMUNICATIONS","type":{"length":5,"nullable":true,"type":"smallint","scale":0,"signed":true}},{"name":"NUMBER_OF_COMPLAINTS","type":{"length":5,"nullable":true,"type":"smallint","scale":0,"signed":true}},{"name":"NUMBER_OF_OPEN_COMPLAINTS","type":{"length":5,"nullable":true,"type":"smallint","scale":0,"signed":true}}]}},"attachments":[{"id":"9b377a0d-9497-4fa5-aba1-746740be41c4","version":2,"asset_type":"data_asset","name":"remote","description":"remote","connection_id":"d0cc283f-0464-42fe-ae0f-3dad13b8b343","connection_path":"/CUSTOMER/CUSTOMER","create_time":1579713333379,"size":0,"is_remote":true,"is_managed":false,"is_referenced":false,"is_object_key_read_only":false,"is_user_provided_path_key":true,"transfer_complete":true,"is_partitioned":false,"complete_time_ticks":1579713333379,"user_data":{},"test_doc":0,"usage":{"access_count":0,"last_accessor_id":"icp4d-dev","last_access_time":1579713333379}}]}