CUSTOMER,CLAIM_ID,POLICY_ID,FIRST_NOTICE_OF_LOSS_DATE,RESPONSE,CLAIM_REASON,INCIDENT_SUMMARY,CLAIM_AMOUNT,TOTAL_CLAIM_AMOUNT
CH85057,5373215598,PM4788594,2016-08-08,No,Other,,1146.3990970,540.141566
CH85444,8989129787,MT0378990,2016-10-14,No,Collision,,414.5711862,1067.333126
CH85444,9636701890,OF0128306,2017-01-02,No,Collision,,1067.7253850,611.918994
CH85444,9177470640,SX8636429,2017-03-12,No,Scratch/Dent,,807.2245595,282.458203
CH97539,16599104,AE6086634,2017-05-31,Yes,Hail,,387.3647046,701.708239
CH97539,3751375542,FI2173320,2016-04-06,No,Hail,,575.5539367,60.021023
CH97539,2463771576,ZJ5890313,2016-01-15,No,Collision,,828.6964421,142.567008
CI24326,8263291192,DH0888393,2017-06-01,No,Hail,,365.1692470,1265.387328
CI24326,2584380027,UD2048437,2017-12-03,No,Hail,,473.0355248,175.528642
CK19789,4130686077,NT9036916,2016-11-21,Yes,Hail,,533.2462694,309.577946
CK19789,9117994895,ZQ6834212,2016-01-26,No,Other,,588.7182043,80.669257
CK39096,1796822759,CM0479643,2016-11-22,Yes,Hail,,561.9689084,1027.000029
CK39096,4093606094,UU9674953,2017-12-12,No,Collision,,1586.0035910,46.098963
CK39096,6441272048,VG3376767,2017-07-29,No,Hail,,490.5127076,188.717606
CK40732,6808713078,DN6621670,2017-01-18,Yes,Hail,,2142.3637230,312.000000
CK40732,3748949032,RC9261807,2016-03-23,No,Collision,,761.1212764,741.600000
CK40732,321035909,WH3047847,2017-03-09,No,Collision,,504.9118385,457.169818
CL79250,9835299624,GQ0212931,2017-08-03,No,Scratch/Dent,,434.0858797,595.200000
CL79250,9339206561,LB9625086,2016-07-01,No,Other,,1161.9918020,25.336642
CL79250,7246095734,ZB0831163,2017-12-22,Yes,Collision,,554.8031892,331.200000
CM52565,8839494579,MN3468716,2017-08-19,No,Hail,,858.3272854,547.200000
CM66204,8429140315,IL8131753,2016-01-30,No,Collision,,430.3471379,765.566699
CM66204,5235102556,RC1995806,2017-06-23,No,Collision,,461.7391775,292.800000
CM66204,7856248137,XX5037141,2016-06-22,Yes,Hail,,393.3813993,674.973614
CM78608,7833981566,EZ4666287,2017-02-15,No,Scratch/Dent,,533.8525632,48.762193
CM78608,6604957334,VG2160392,2016-04-08,No,Collision,,357.3291869,523.200000
CM78608,7448594152,VG2160392,2016-12-27,No,Scratch/Dent,,250.0834374,302.400000
CM84035,8157057711,HC6095319,2017-12-12,No,Collision,,846.7369513,1100.088685
CM84035,5792614185,YE2961475,2017-12-02,No,Scratch/Dent,,707.9170237,250.959093
CM84035,9792002425,YE2961475,2016-12-06,No,Scratch/Dent,,309.5705571,774.892461
CM88932,7531395848,AJ6292619,2017-01-24,No,Scratch/Dent,,895.4434101,547.200000
CM88932,5750022865,UJ4886735,2016-10-24,Yes,Collision,,355.4845264,55.510526
CM88932,6143808382,ZB9121954,2016-11-23,No,Hail,,1097.0132210,599.811172
CN17219,3571808416,MA3033621,2016-01-06,No,Other,,272.7520769,321.600000
CN17219,8942393565,MA3033621,2017-11-06,No,Collision,,1763.6424830,302.400000
CN17219,7579987946,NV8379846,2017-08-24,No,Collision,,734.1741414,567.065802
CN22369,8516080120,MM3165527,2017-02-10,No,Hail,,782.1188278,784.800000
CN22369,2388007945,SK6673837,2017-11-10,No,Collision,,600.8184526,339.255348
CN22369,5988819176,WH7506766,2016-07-22,No,Collision,,564.6323845,440.128707
CN23147,8093848886,UO0467365,2017-08-26,No,Scratch/Dent,,372.8873486,216.839496
CN23147,9721887539,XA3947404,2016-10-11,No,Other,,411.0620178,406.348084
CN23147,7361650800,ZS6716427,2016-10-20,No,Collision,,1305.7170710,537.600000
CN24514,1171420494,GE9725403,2016-05-11,No,Collision,,551.9078475,132.208612
CN24514,7668256678,KB2777566,2017-07-15,No,Scratch/Dent,,686.3706694,792.000000
CN24514,2935308541,SF8518524,2016-01-25,No,Scratch/Dent,,811.9829071,99.085943
CP28581,7834812273,JK2097809,2016-11-08,No,Scratch/Dent,,348.4247842,72.543171
CP28581,5147699912,XT9871389,2016-04-15,No,Collision,,851.3592687,245.076091
CP28581,4058313006,YS5800542,2017-05-31,No,Collision,,427.2805040,1343.619461
CP32818,4118180000,BF7985415,2017-12-03,No,Scratch/Dent,,567.0132321,320.486645
CP32818,9814302766,IT8875116,2016-12-20,No,Hail,,452.9965388,46.104534
CP32818,6436734208,SV3794628,2017-04-19,No,Collision,,816.9334846,835.200000
CP85232,2885750792,SN0438007,2017-09-11,No,Scratch/Dent,,618.5969900,438.778537
CP85232,9840923416,TR3007818,2016-10-17,No,Scratch/Dent,,237.2155492,355.820799
CP85232,3292720841,XK8058657,2016-03-24,No,Collision,,4479.5469420,302.033971
CP92616,6092977396,BT1833535,2018-03-01,No,Collision,,745.2543017,489.600000
CP92616,3987879989,GO3143128,2016-03-22,No,Scratch/Dent,,4680.5223060,1065.049894
CP92616,8911818587,JP7510754,2017-07-11,Yes,Collision,,701.9177186,302.400000
CR57148,112025045,QD7235178,2016-09-21,No,Hail,,443.4411172,125.933005
CR92272,4563352868,II2128659,2018-03-05,No,Collision,,2997.3415920,208.904212
CR92272,4618614806,LS4822941,2017-08-24,No,Hail,,244.2422113,42.160829
CR92272,2625687913,QK5704163,2016-10-23,No,Scratch/Dent,,922.7567263,619.200000
CR92802,1724950376,HE5188950,2016-03-18,Yes,Hail,,272.5356404,56.603330
CR92802,3036089000,JG9403138,2017-12-06,No,Other,,257.8835541,127.233139
CR92802,2848289502,TP0086237,2016-07-12,No,Other,,714.3035873,527.539078
CS15289,441521830,EJ3042508,2017-05-26,No,Collision,,568.7897911,61.536107
CS15289,9604447960,KI2038046,2016-08-28,No,Hail,,1613.8416280,419.260620
CS15289,4070606767,VW9330514,2017-05-24,No,Hail,,340.9677392,408.000000
CS70768,6298941278,LH5198563,2016-07-10,No,Hail,,520.5748188,316.800000
CS70768,8779687134,LH5198563,2017-04-07,No,Collision,,488.9765364,157.990123
CO12132,9160072474,PY6811061,2016-06-13,No,Collision,,1889.2197670,441.600000
CO12132,8261717671,MK9133354,2017-01-25,No,Scratch/Dent,,405.8668736,842.400000
CO12132,9407096417,PN4336235,2017-12-11,Yes,Collision,,465.0063763,468.000000
CO23919,4972999332,LR6842790,2017-05-10,No,Scratch/Dent,,749.4087341,326.400000
CO23919,3421218342,ZW0948980,2016-09-18,No,Other,,304.4789460,587.689075
CO23919,3567324921,ZY7914523,2016-06-02,Yes,Collision,,524.6278375,456.702735
CO44221,7727405134,FE7008198,2016-05-17,Yes,Hail,,427.0034394,725.870693
CO44221,8306879548,WO6114495,2016-10-12,No,Hail,,292.9916512,345.600000
CO44221,542812034,YA3372917,2017-11-18,No,Hail,,243.3214447,437.934279
CP19929,9509400477,GC8769942,2017-12-20,No,Collision,,1115.4675990,381.960657
CP19929,1599275758,MU5148670,2016-06-19,No,Collision,,224.2574431,453.600000
CP19929,9901199457,SC0551049,2017-11-23,No,Collision,,250.2209885,355.200000
CZ33664,3439695588,XU7130308,2016-06-15,No,Hail,,454.7321823,292.800000
CZ33664,4443518031,XU7130308,2016-01-16,No,Scratch/Dent,,2576.3414230,389.636991
CZ33664,6939793213,YD9819718,2016-04-15,No,Collision,,252.7653796,11.879037
CR48975,9892032798,RI7361508,2016-02-13,No,Hail,,750.1661322,331.170924
CR57148,599489834,BZ0225026,2017-12-30,No,Other,,214.1979314,321.600000
CR57148,3128469560,FL4010415,2016-09-17,No,Hail,,596.0581363,128.438230
CX20455,3384919157,NE2568950,2018-02-11,No,Collision,,444.8564599,432.835989
CX20455,7242097522,NE2568950,2016-10-22,No,Other,,809.0884414,48.051339
CX99919,6065504417,JG3758875,2016-04-11,No,Scratch/Dent,,413.0628776,537.391704
CX99919,4070538342,LO4493707,2017-02-16,Yes,Hail,,825.7666512,424.330166
CX99919,7161592680,LZ6370275,2017-06-04,No,Other,,2128.3636200,302.400000
CY47265,4625031771,FZ1552519,2017-02-25,No,Scratch/Dent,,338.6186515,33.894695
CY47265,5001731208,GL8536287,2017-05-29,No,Scratch/Dent,,1343.2002890,118.538444
CY47265,9908176422,YG9787565,2016-09-13,Yes,Hail,,288.6451602,486.278557
CY50337,7715956524,SO4073013,2017-09-14,No,Collision,,615.9011684,364.800000
CY50337,1347244247,TE5984181,2016-09-06,No,Scratch/Dent,,2620.0834230,140.196942
CY50337,1237635484,TY2727360,2016-03-09,No,Collision,,1092.8407090,58.557552
CZ33664,8189376604,TB6379604,2017-01-02,No,Scratch/Dent,,1551.9671610,393.600000
AB31813,4667577109,AZ2668345,2016-01-23,No,Collision,,500.7224298,655.791955
AB31813,980830126,CQ7350150,2017-11-17,No,Other,,516.0251878,619.200000
AB31813,4019029892,RB9672905,2016-09-02,No,Scratch/Dent,,4477.1299360,842.391832
AB60627,8678029010,IQ7380133,2016-03-20,No,Scratch/Dent,,1546.7789040,98.921782
AB60627,9185344075,IS5548058,2017-01-14,No,Hail,,752.4735746,460.800000
AB60627,807078258,TQ9102714,2017-06-01,Yes,Collision,,1008.3486880,571.479602
AB72731,381610196,QY8370110,2016-10-12,No,Hail,,463.9981638,84.024413
AB72731,2309659077,AB4324481,2017-01-09,No,Hail,,746.9145695,1956.368115
AB72731,7896933199,ZS7505535,2016-04-17,Yes,Hail,,436.2931238,528.000000
AB96670,6724119470,HI5088320,2017-07-09,No,Collision,,230.5238251,297.600000
AB96670,3541137323,JM9198987,2016-01-16,No,Collision,,487.9384813,33.192803
AB96670,9799353454,JM9198987,2016-12-18,Yes,Collision,,907.5768214,158.077504
AH84063,5727253962,ZJ5793726,2016-05-31,No,Scratch/Dent,,471.9450052,86.320022
AH99727,6276112001,GH4360492,2017-11-05,Yes,Collision,,1017.9717040,1300.800000
AH99727,8687806838,IU3470268,2017-07-15,Yes,Hail,,531.8896640,321.600000
AH99727,9854479230,MM1963019,2016-06-26,No,Hail,,562.3314472,340.800000
AI47152,2588445079,FC5079102,2018-01-06,No,Hail,,1516.2065650,265.216633
AI47152,2666717534,MX1269323,2016-01-01,No,Hail,,799.2779105,297.051768
AI47152,6229673583,XU9344012,2017-02-01,Yes,Hail,,903.5671134,542.400000
AI49188,5520238371,JD2186816,2016-01-02,No,Scratch/Dent,,362.4901612,354.455466
AI49188,6429330682,JD2186816,2017-12-20,Yes,Collision,,701.9177186,302.400000
AI49188,7636601138,JL8285246,2017-07-31,No,Collision,,250.6263939,316.800000
AI49188,4071031751,QV3907944,2016-11-12,No,Collision,Rear-ended another car during icy road conditions.,1288.7431650,566.472247
AI49712,5452587931,HW8456829,2017-12-11,No,Collision,,1324.8637350,537.600000
AJ89107,9059903753,KD3033069,2017-09-30,No,Other,,526.7848664,316.800000
AJ89107,1736585193,UL9496350,2016-12-30,No,Other,,734.9328490,565.336931
AK61491,9552966329,CV2301165,2018-01-12,No,Hail,,2390.3682340,355.200000
AK61491,8858870399,RZ3856249,2017-11-19,No,Other,,350.0855508,446.400000
AK61491,4070237613,ZS3308454,2016-11-09,No,Hail,,807.1334962,69.310166
AL21967,9381021137,CH5648120,2016-10-28,No,Other,,1017.1477790,71.311211
AL21967,6212994219,VK2922220,2018-03-06,No,Collision,,521.3068893,336.000000
AL21967,9058344547,ZN5245518,2017-02-02,No,Other,,242.6959040,511.200000
AL35726,2547018699,HN0405125,2017-07-21,No,Scratch/Dent,,512.2718927,454.188803
AL35726,5139502182,JP8116439,2016-03-04,Yes,Hail,,374.6751625,19.575683
AL35726,5145142108,QW4104744,2017-06-20,No,Hail,,357.1346070,427.200000
AL46984,6928530882,CI3428832,2016-09-17,No,Scratch/Dent,,509.1101225,312.000000
AM52614,6434761980,DC2396382,2018-02-03,No,Scratch/Dent,,461.9449922,547.200000
AM52614,5897197572,SC4433275,2016-01-07,No,Hail,,1359.6199720,336.000000
AM57175,9638671204,QM7482019,2017-01-26,No,Collision,,826.7848845,222.791933
AM57175,7331392499,UL5550787,2016-04-25,No,Hail,,1893.9506030,705.422640
AM57175,9650310830,UL5550787,2016-01-15,No,Collision,,970.9746073,827.085431
AM89558,147066324,DX9662499,2016-10-08,Yes,Hail,,864.6504109,369.818708
AM89558,9475529015,DX9662499,2018-01-11,No,Hail,,1220.6892080,668.739010
AM89558,3391873492,DZ8871380,2017-11-04,No,Other,,278.9747390,355.200000
AM92343,1204820717,GF7119790,2017-04-11,No,Hail,,652.9911496,398.400000
AM92343,7045318434,KK4653211,2016-07-03,No,Scratch/Dent,,1159.9502190,340.306584
AM92343,3088052731,PK1682716,2016-10-20,No,Hail,,790.8452072,149.688222
AM97901,8107064523,PO7485796,2017-01-16,No,Hail,,627.8764007,384.000000
AO74776,6876274982,OV9148795,2017-04-01,Yes,Collision,,1319.7928930,326.400000
AO74776,9791332419,PL6745054,2016-09-20,No,Scratch/Dent,,942.7684903,566.400000
AO87348,2307489561,CJ7503666,2016-12-04,No,Hail,,205.0623512,292.800000
AO87348,3488934328,IJ1435234,2016-03-19,No,Other,,2599.7749960,193.505325
AO87348,9122238384,SP2553558,2017-04-13,No,Collision,,778.3784210,985.193759
AO98601,8040424972,AE3016737,2017-10-25,No,Collision,,789.0597705,747.658769
AO98601,3164408989,NG9690242,2016-03-28,No,Collision,,501.8885233,302.400000
AO98601,4069949600,NV0905807,2016-08-21,No,Scratch/Dent,,466.5245047,326.400000
AO98601,5291838882,NV0905807,2016-11-01,No,Hail,,447.7452010,571.200000
AP23850,6333973061,HG7711818,2016-03-01,No,Scratch/Dent,,1777.1549020,547.200000
AP23850,9612156600,MT9162281,2016-03-31,No,Hail,,2754.2369560,491.322893
AP23850,6213129100,ZF2778838,2017-12-10,No,Collision,,555.3362689,640.800000
AP67935,8821605195,SV4203616,2016-08-11,No,Scratch/Dent,,221.5912948,389.944994
AP98768,7175275991,BN9176301,2017-07-14,No,Hail,,690.0951275,428.064465
AP98768,2816216336,XI2163764,2016-04-07,No,Collision,,1044.2446330,941.718054
AP98768,7613584942,ZP9182018,2016-05-16,Yes,Hail,,492.9549699,351.270869
AQ46199,2329691633,DI1981370,2017-12-04,No,Hail,,900.2409572,532.800000
AQ46199,5530428166,JF6293846,2016-12-27,No,Other,,482.5258632,511.200000
AQ46199,1697832787,WL4234423,2017-10-03,No,Hail,,688.9616100,417.600000
AQ51368,2769873509,RN3902049,2017-01-24,No,Scratch/Dent,,294.9282616,106.267659
AQ51368,9241832208,TY0566389,2016-03-15,Yes,Hail,,1065.6881950,631.743039
AQ51368,1208924542,WT9166810,2017-10-27,No,Hail,,715.4094304,532.089467
AQ70619,6653899421,EW1976374,2017-05-19,No,Scratch/Dent,,463.8945365,143.276484
AQ70619,4717491547,ZD6502233,2018-01-08,No,Collision,,600.6211611,355.200000
AS17174,5241466020,HQ0991637,2016-11-01,No,Collision,,789.2088107,340.800000
AS26192,3779281194,DD2280030,2018-05-31,No,Collision,,272.4262292,405.384524
AS26192,6834313590,GS9749326,2016-06-28,Yes,Hail,,251.4591960,156.124914
AS26192,5384450218,LS3515314,2017-12-23,No,Collision,,447.3883999,600.000000
AS55677,3224703254,IO9828347,2017-01-25,No,Hail,,938.8981905,111.265486
AS55677,3361671916,IR1916171,2016-07-06,No,Scratch/Dent,,833.8995787,54.065538
AS55677,2887054813,QW5764891,2017-05-25,No,Collision,,557.5198201,106.814987
AS97690,5766853198,IJ7434132,2017-02-26,No,Hail,,222.6589837,297.600000
AS97690,5741611822,MT0615960,2017-05-18,No,Scratch/Dent,,249.4869528,0.887629
AS97690,6230811862,XY4275572,2016-09-05,No,Scratch/Dent,,241.1256575,292.800000
AS99827,8105493946,KZ0894764,2018-03-16,No,Collision,Vehicle left the road and struck a telephone pole.,1509.6270230,1238.077611
AS99827,4169014517,RH4976142,2016-06-05,No,Collision,,627.2416823,56.082107
AT62618,290306124,OG8258204,2017-08-07,No,Hail,,783.4151482,456.503570
AT93647,6621265888,DU8130545,2017-07-05,Yes,Hail,,498.4618655,80.731240
AT93647,8996210607,EC0002280,2016-02-14,No,Other,,260.5570828,182.436205
AT93647,2032382137,QV1989999,2016-11-04,No,Scratch/Dent,,279.2009458,528.391284
AU45793,3959788887,FE5244249,2017-07-18,No,Hail,,542.1018201,427.874055
AU45793,833498992,ZF7320938,2016-03-10,No,Other,,579.7604861,201.327931
AU45793,1442856675,ZF7320938,2018-01-20,No,Collision,,1285.1424040,1339.200000
AU46443,3392162197,NM6682719,2017-12-19,No,Hail,,484.1057535,292.800000
AU46443,3007475043,PH7460858,2016-05-30,No,Collision,,751.7083811,1178.995926
AU46443,4961499313,WA4370892,2017-12-07,No,Collision,,306.1052283,269.406119
AU94279,2264248441,LR3758392,2017-11-25,No,Scratch/Dent,,469.8345864,604.800000
AU94279,3608937352,LR3758392,2016-03-21,No,Hail,,418.5757242,492.644465
AW17574,8725698998,SN2345998,2016-04-05,No,Hail,,805.3268897,638.543326
AW18068,3732822330,GW9040879,2017-03-23,Yes,Hail,,507.3282126,600.000000
AW18068,5492913791,QJ1197659,2016-06-01,No,Collision,,3345.1793500,237.946822
AW18068,5252073736,WI6850293,2016-05-08,No,Collision,,946.8509337,633.600000
AW73065,4383130794,EF8686390,2016-01-19,No,Collision,,279.1906514,532.800000
AW73065,2224257188,ON7567531,2017-02-07,No,Hail,,677.8844570,460.800000
AW73065,1879878620,OO4485333,2016-07-28,No,Scratch/Dent,,859.0334983,68.179721
AW77988,3551013802,KJ9514263,2016-04-02,No,Collision,,3585.0599350,1382.400000
AW77988,5485655848,MA8029595,2016-12-27,No,Scratch/Dent,,654.5802896,455.714395
AW77988,9282761224,RM6148667,2017-01-08,Yes,Collision,,650.3397049,451.670309
AY40674,2082250225,AU4163333,2016-01-01,Yes,Collision,,800.2308333,513.600000
AY40674,7350460792,BI0898857,2017-09-04,No,Hail,,298.9912494,398.400000
AY98473,6912795215,QR8025393,2017-10-22,Yes,Hail,,433.0386020,513.600000
AZ34845,7478316533,CJ5607863,2017-04-21,No,Collision,,828.3843281,190.998822
AZ34845,1283211823,EN9391422,2016-04-25,No,Collision,,479.8240889,342.471939
AZ34845,8759194878,RZ3537631,2017-09-20,No,Scratch/Dent,,1041.9167430,200.662297
AZ62651,1800528811,AU8288148,2017-06-08,No,Hail,,527.4429281,321.600000
AZ62651,2172030822,PO9109574,2016-08-12,No,Other,,995.1707743,1836.000000
AZ62651,5347007994,PR1444272,2016-10-13,No,Other,,507.8451231,123.945627
AZ64856,8368968761,ND3951758,2018-02-12,No,Collision,,820.7702516,499.200000
AZ64856,5795822909,RD3918484,2017-09-10,No,Collision,,1893.8536770,126.634634
AZ64856,5754963314,WX8807712,2016-11-29,No,Other,,239.8740007,316.800000
AZ68072,7390528586,WW8968098,2017-11-02,Yes,Hail,,492.9549699,351.270869
AZ68072,9827211449,WW8968098,2016-06-09,No,Other,,263.5505781,316.800000
AZ68072,4242495759,YH2658250,2017-12-11,No,Hail,,493.8893241,90.569696
AZ74055,720759433,BY5134343,2016-09-27,No,Collision,,455.1060479,446.400000
AZ74055,2190083939,GG5119653,2016-12-18,No,Other,,411.5577437,494.400000
AZ74055,3144389476,GQ7846201,2017-09-17,No,Scratch/Dent,,531.6606293,331.200000
AZ82578,8711844141,FJ1746586,2016-07-17,No,Collision,,792.8829252,345.600000
AZ82578,1152380159,FK7905174,2016-08-31,No,Hail,,522.6286197,263.844471
AZ82578,4500480763,MK7873335,2017-05-01,No,Scratch/Dent,,903.3246265,806.400000
AZ84403,4551790086,ND7025302,2017-10-17,No,Collision,,425.7477861,679.534284
AZ84403,1643736871,TH6497790,2016-10-23,No,Scratch/Dent,,763.9670244,451.896687
AZ84403,8965999767,TH6497790,2016-04-19,No,Hail,,525.4019142,324.999440
AZ95587,7500498250,HN9678507,2017-05-12,No,Hail,,244.3925701,124.180159
AZ95587,1507232635,JE4489211,2016-03-16,No,Scratch/Dent,,1494.7917300,480.000000
AZ95587,1979304944,ZM6939072,2016-06-20,No,Scratch/Dent,,1038.8553230,392.604371
BA17836,8650517770,QM3311770,2016-12-04,No,Hail,,886.0654206,285.849580
BA17836,4709176818,VP5846872,2017-09-13,No,Scratch/Dent,,1249.5739710,292.800000
BA17836,6657426797,ZV1120338,2016-05-19,No,Collision,,786.8165983,159.391681
BA26944,3109399553,LZ2452260,2017-12-01,No,Hail,,370.8811428,456.000000
BA26944,4020496273,PX0974532,2016-11-06,Yes,Collision,,1377.0976180,556.800000
BA26944,2791181350,XJ3034883,2017-09-18,No,Scratch/Dent,,289.3806196,328.004855
BA38428,4602681468,FB8267824,2016-07-24,No,Scratch/Dent,,501.6827946,134.629643
BA38428,8026059567,IY4068256,2017-04-05,No,Hail,,1419.4154410,336.000000
BA38428,839687625,QJ2005491,2017-02-19,No,Scratch/Dent,,1474.1760920,667.200000
BA40043,5233662160,BL1416656,2018-01-16,No,Collision,,498.3618930,736.004830
BA40043,1910724143,LT3146731,2017-06-26,No,Other,,486.5371797,238.262773
BA40043,7733359193,XH8514865,2016-08-16,No,Hail,,579.9826802,5.746657
BA52133,9081811518,ST6877526,2017-08-24,No,Collision,,299.6889929,355.200000
BA52133,2460221321,WX2504077,2016-01-28,Yes,Collision,,352.8044252,441.600000
BA52133,6266320948,WX2504077,2017-12-23,No,Scratch/Dent,,354.0206231,94.507735
BA66627,8682445798,BW4940357,2017-02-06,No,Collision,,528.2543094,413.288851
BA66627,1482860821,ET8738928,2016-06-02,No,Other,,1819.6638240,441.600000
BA66627,5888272615,TE4488258,2016-09-30,No,Collision,,500.4583872,205.043307
BA75404,6479985430,AO7708313,2017-11-07,No,Hail,,820.0269735,331.200000
BA75404,2783008375,LV4810637,2017-12-11,No,Collision,,750.6779365,926.400000
BA75404,9528652456,LV4810637,2016-06-30,No,Scratch/Dent,,932.0284812,738.975495
BA92673,4804484054,OO8622082,2016-11-01,No,Collision,,1555.2396510,307.200000
BA92673,6700656272,OO8622082,2016-03-02,No,Other,,801.9856041,955.200000
BA92673,4235117202,QR7683735,2017-08-13,No,Scratch/Dent,,230.8692609,431.768752
BB11622,3519764135,DF2014443,2016-09-13,No,Collision,,646.4417095,640.800000
BB11622,200226299,GX6358654,2017-01-16,No,Other,,677.5924167,412.800000
BB11622,4131690988,UR7133631,2016-06-04,No,Collision,,1055.2169990,232.711071
BB82067,3314414942,BP9627496,2016-12-27,No,Other,,850.0909417,508.800000
BB82067,1374408119,FN0158884,2016-05-09,No,Collision,,975.6044954,26.951627
BB82067,7456242118,XH9780701,2017-09-28,No,Hail,,263.7602689,316.800000
BC43958,9344076761,AI4431905,2016-11-06,Yes,Hail,,728.5030983,386.031248
BC43958,5923021149,SB1934784,2017-06-14,No,Collision,,473.9346630,762.007253
BC43958,3894517056,ZD7554983,2017-05-04,No,Hail,,705.7888812,432.000000
BC47264,441952779,KX6860112,2017-08-17,No,Hail,,486.2908979,152.496995
BC47264,1366775383,ZU0176364,2016-04-16,Yes,Hail,,259.2437797,312.000000
BC97773,9109141787,VG5162976,2016-05-15,No,Collision,,286.4544017,395.328407
BC97773,6524583441,YU6168746,2017-07-29,No,Other,,436.4311891,778.350073
BD16530,3883431645,GO4244392,2016-07-10,No,Collision,,446.3607161,567.343266
BD16530,2618819099,HO6934848,2017-04-01,No,Collision,,299.4351694,187.934331
BD16530,1899044909,VK7400210,2016-10-19,No,Collision,,829.3481886,225.145949
BD35676,6646786736,LM4555058,2017-06-08,No,Hail,,1238.3530600,459.895876
BD35676,1515468738,YM5416208,2016-12-05,No,Hail,,2919.4366390,452.616872
BD35676,88758517,YV8738439,2016-10-18,No,Other,,668.5797205,604.800000
BD53342,6711182043,AG1021212,2017-12-10,No,Collision,,1973.1341470,419.921897
BD53342,5085866977,OH7232087,2016-10-16,No,Hail,,760.2663689,914.538629
BD53342,1529809262,WH0631280,2017-04-26,No,Collision,,971.8463569,312.000000
BD58297,4478093603,QW1969592,2017-02-19,No,Collision,,875.0643581,364.800000
BE61743,8558369493,HG1078319,2018-03-23,No,Collision,,249.6476385,181.335364
BE61743,9771205120,RW9068931,2017-02-17,Yes,Collision,,800.2308333,513.600000
BE62503,4317687716,GK5801363,2017-01-21,No,Collision,,310.6482540,422.765363
BE62503,7756562957,WD6518647,2016-09-28,No,Collision,,920.6598256,511.497882
BE62503,1367759728,ZN5711807,2016-01-13,No,Collision,,915.6272726,566.400000
BE75190,9903768796,DH5590569,2017-03-04,No,Collision,,259.2928283,316.800000
BE75190,681170422,DI1750914,2016-06-28,No,Hail,,276.2801339,331.200000
BE75190,1109792009,DI1750914,2016-11-18,No,Other,,1100.3543850,489.600000
BF72793,5630526051,EL3314012,2017-03-21,No,Other,,1527.2799770,361.788917
BF72793,6581449944,JI7527729,2016-07-30,No,Hail,,673.2970948,446.400000
BF72793,2931015004,VV9077395,2017-09-19,No,Collision,,847.8824155,12.603783
BG15419,7990593490,FB2604183,2017-10-31,No,Hail,,488.1394894,102.322529
BG15419,3264188764,KU7830230,2016-04-09,No,Hail,,744.6812516,377.422029
BG15419,5210173683,QH5791873,2016-07-12,No,Collision,,1419.5360280,285.418473
BG51419,9778515064,ML9380268,2016-08-22,No,Hail,,401.3849907,508.800000
BG51419,9758063923,RU2235155,2017-12-19,Yes,Collision,,1647.3169050,508.800000
BG51419,9660691470,UC2107832,2017-05-31,No,Scratch/Dent,,2503.0375450,384.000000
BG76355,2068290565,LT0142475,2017-04-27,No,Scratch/Dent,,1375.2467050,628.800000
BG76355,4606858577,NF0028470,2016-12-10,No,Hail,,887.0673845,290.700960
BG76355,335825436,RU1434552,2016-05-26,No,Scratch/Dent,,627.4123875,115.086827
BG84194,1132181514,BF0510443,2016-02-02,No,Hail,,403.7501846,133.475315
BG84194,7258973906,EH7635637,2017-02-18,No,Collision,,536.4469352,589.628918
BG84194,4158171867,LM2207397,2016-07-29,No,Collision,,481.5532839,83.390706
BG85305,2502946575,DN2524813,2016-05-03,No,Hail,,375.7804716,460.800000
BG85305,5258631323,MK1987097,2017-12-07,No,Hail,,290.9547713,113.805875
BG85305,3557443693,VF9758262,2016-09-25,No,Collision,,1832.1419030,199.797270
BG96711,8839616486,FH9690264,2016-06-25,No,Hail,,228.0386988,283.881697
BG96711,9310878365,OV1652331,2016-04-24,No,Hail,,389.0964154,105.662175
BG96711,4503459460,XO3094922,2017-03-20,No,Scratch/Dent,,470.8203284,561.600000
BH11344,497749735,EE9281401,2017-12-04,No,Scratch/Dent,,255.6609217,312.000000
BH11344,4227639527,GE0753117,2017-04-29,No,Hail,,387.1778009,799.200000
BH11344,5582975376,OS4202644,2016-01-05,No,Collision,,280.6696138,145.673348
BH23017,8150394963,SE8551464,2016-02-21,No,Collision,,1911.6568060,657.808231
BH23017,2138861731,KG8642491,2017-12-27,No,Collision,,498.3114656,957.600000
BH23017,2655671544,NK9012883,2017-03-10,No,Collision,,269.5352444,780.573630
BH28530,4305547849,EO0365883,2017-01-14,Yes,Hail,,555.5830205,471.443077
BH60627,8994242835,LN3049453,2016-01-21,No,Collision,,949.0406534,657.600000
BH60627,4636386223,NT8416057,2017-12-18,Yes,Collision,,235.9423599,352.394515
BI27443,4475983794,BI3791972,2017-10-01,No,Collision,,745.1492020,770.400000
BI27443,1234942007,TE3173403,2017-11-12,No,Collision,,530.0686394,308.651195
BI27443,4042631784,TE3173403,2016-10-08,No,Collision,,417.7876779,523.200000
BI34376,4930507956,AL1280498,2016-06-24,No,Other,,787.9928952,470.400000
BI34376,7139336352,MX4743292,2017-12-16,No,Hail,,417.7666255,499.200000
BI34376,7736226147,RW6990099,2017-07-18,No,Hail,,258.8860221,312.000000
BI38192,5589800524,AT7154125,2017-05-20,No,Hail,,626.9592055,391.942636
BI38192,8845880629,EL8437115,2016-08-06,No,Other,,1311.3138650,412.800000
BI38192,2800067160,JC0494360,2016-03-20,No,Hail,,793.7064822,321.600000
BI76326,1921539,VI1955835,2017-04-26,No,Hail,,310.5350940,317.982567
BL29240,3947405964,XQ6657057,2017-12-07,No,Hail,,922.3987144,585.600000
BL29240,2220358347,ZO5034201,2017-11-29,No,Hail,,261.5911934,340.800000
BL90769,814793418,HW7506549,2017-07-16,No,Collision,,839.6605358,344.137073
BL90769,9815446811,UY3003319,2016-08-24,Yes,Collision,,3347.3349460,508.800000
BL90769,1848459993,XW2879405,2016-07-11,Yes,Collision,,838.2630118,561.600000
BL93527,8951942133,DA6705134,2016-04-08,No,Collision,,910.0787395,561.600000
BL93527,2986125468,LS7176195,2016-06-15,No,Hail,,288.4636779,36.732923
BL93527,7174367809,NI4916088,2017-07-26,No,Collision,,823.7376444,124.380223
BM15160,2492377596,KH5113136,2016-07-08,No,Scratch/Dent,,216.7330201,439.200000
BM15160,6500133176,UO2944146,2016-07-17,No,Other,,849.6352846,73.883044
BM15160,4409692953,VX0166357,2017-11-03,No,Hail,,1593.6576400,364.800000
BM21532,517049798,ES4791295,2017-12-03,No,Hail,,926.7920019,551.413755
BN14307,3900879330,UZ4686675,2016-05-02,No,Collision,,564.3724704,345.600000
BN14307,9123513337,UZ4686675,2017-11-23,No,Scratch/Dent,,442.2615495,556.800000
BN74268,1674175405,DL9130712,2016-03-27,No,Collision,,1176.3152490,475.200000
BN74268,2745634853,MT9721752,2016-11-01,No,Collision,,694.4739992,489.600000
BN74268,705541952,OP3127536,2017-12-31,No,Other,,314.1252909,529.490007
BN87372,9668402241,KB1550602,2016-12-03,Yes,Hail,,497.4801539,467.803638
BN87372,599919942,RD7372765,2016-06-22,No,Scratch/Dent,,586.0018040,376.760016
BN87372,7628781947,RD7372765,2016-03-31,No,Collision,,296.6944264,388.800000
BN87372,9634662447,VQ4979881,2017-05-15,No,Scratch/Dent,,753.6070851,297.600000
BN90616,3118174320,NT7705003,2016-12-09,No,Hail,,293.9330187,55.320014
BN90616,3279760169,NT7705003,2017-11-15,No,Scratch/Dent,,242.9600516,292.800000
BN90616,5298763816,YZ7791117,2017-02-20,No,Hail,,512.0615661,277.220384
BR23201,2334166437,RG4913770,2016-12-03,No,Hail,,258.6807171,191.640085
BR28896,1127053827,RF6051415,2017-09-30,No,Hail,,365.9183140,763.200000
BR28896,8396883298,ZM8849139,2016-01-24,No,Collision,,1570.0284360,1012.800000
BR28896,9569382258,ZM8849139,2017-12-08,No,Collision,,269.8048753,360.670642
BR40272,9268796737,BH5279559,2017-06-21,No,Hail,,344.0361969,500.577875
BR40272,2375124644,PB8100071,2016-05-20,No,Collision,,211.9894333,292.800000
BR40272,8383230361,PB8100071,2018-03-27,Yes,Collision,,1443.5673650,109.906628
BR99015,7860286618,FX7235366,2017-08-23,No,Collision,,550.7155471,107.985836
BR99015,7147897714,HL0864639,2016-07-12,No,Hail,,680.3615629,451.200000
BR99015,3117730953,YQ9335073,2017-06-17,No,Hail,,771.4623619,763.200000
BS13062,4109973695,NV0613242,2016-02-08,No,Collision,,765.9499583,99.697769
BS13062,4480336088,WB3652871,2017-04-11,No,Other,,255.4033928,423.787608
BU17847,8370001840,SX5584034,2017-01-06,No,Collision,,863.9088723,91.036967
BU27331,1765483786,AV5749527,2016-05-05,No,Other,,256.7346739,307.200000
BU27331,2034882896,AV5749527,2016-11-07,No,Hail,,564.1359160,315.560161
BU27331,6603838229,HL7234321,2016-09-27,No,Scratch/Dent,,446.8510542,579.165954
BU27331,7420758218,VH6267122,2017-10-21,Yes,Collision,,1274.1847540,419.365958
BU41599,9902888074,IV9825427,2016-01-09,No,Hail,,558.1761298,239.328571
BU41599,7326720429,OG1603650,2017-08-02,No,Hail,,933.3333631,232.945977
BU41599,9310136563,WO3920782,2017-02-16,No,Other,,502.8739297,216.196521
BU44523,1995926871,OP0094252,2017-10-29,No,Scratch/Dent,,655.5360031,412.800000
BU44523,9215105478,TE3835139,2016-04-22,No,Collision,,802.6379641,532.800000
BU44523,3883575080,YS8838700,2016-07-22,No,Collision,,2129.5513710,677.616967
BU53191,5561176981,BW4394012,2017-12-10,No,Hail,,280.5286098,360.499075
BV86143,3032068203,DJ0478425,2016-06-03,No,Other,,2103.4018150,219.209762
BV86143,3171031319,MH7585999,2017-01-19,No,Collision,,1115.8126430,1159.200000
BV86143,7750400131,RJ0676727,2016-06-23,No,Collision,,735.0930502,111.250449
BV98316,8801476915,BJ5504314,2017-11-27,No,Scratch/Dent,,244.6681538,226.731454
BV98316,1310269585,LF2902660,2016-08-09,No,Collision,,445.6016549,118.750512
BV98316,9662827657,MV5873819,2017-07-27,No,Hail,,1451.0443760,1317.600000
BW25236,1600368415,GD1333051,2017-09-23,Yes,Collision,,887.9790017,528.200860
BW25236,474470932,KO8291479,2017-07-05,No,Hail,,481.4350556,482.400000
BW25236,9742277642,LO4313927,2016-07-13,No,Hail,,1845.3576290,247.911872
BW46202,9772851855,DU9723135,2016-08-11,No,Collision,,599.5411008,76.025368
BW46202,431380551,WI1474806,2017-12-04,No,Scratch/Dent,,727.5921106,445.361629
BW46202,3932367576,YR2947420,2017-04-30,No,Collision,,587.1607022,871.055266
BY22068,3678853401,UG3819243,2016-11-27,No,Other,,2395.0374430,964.800000
BY23642,5700821651,AH8159035,2017-01-12,No,Hail,,1388.1039470,476.707749
BY23642,583319808,XH5471346,2016-12-12,No,Collision,,884.5073706,328.502498
BY23642,2746905271,XH5471346,2016-11-22,No,Hail,,3694.6063930,663.643801
BY84257,3566212275,PN5143154,2016-08-11,No,Collision,,483.1421687,307.200000
BY84257,7459110386,PN5143154,2018-01-25,No,Hail,,353.1348165,958.502743
BY84257,3262485873,SV2212063,2017-03-24,No,Hail,,638.2583452,417.600000
BY88757,6290487273,BO7810539,2017-09-08,No,Hail,,310.9007806,355.909266
BY88757,9632307182,PB2991767,2016-08-28,No,Collision,,518.2462266,939.528475
BY88757,9494421717,TV1361329,2017-11-19,No,Hail,,267.9686625,291.257059
BZ12077,1884199871,DV1322845,2017-08-07,No,Collision,,835.5958185,499.200000
BZ12077,4644315114,FL5111845,2016-06-28,No,Hail,,432.2240343,571.200000
BC66921,7483945356,FO4755528,2017-06-01,Yes,Collision,,200.4350666,316.800000
BC66921,1285791276,HJ0634592,2017-11-17,Yes,Collision,,224.8449633,347.857619
BC87161,1237534577,NL7636690,2016-01-26,No,Hail,,1187.5899150,518.400000
BC87161,3962463762,NL7636690,2017-04-12,Yes,Collision,,1274.1847540,419.365958
BC87161,2500818146,XD6996806,2017-10-24,No,Hail,,688.3665071,168.287380
BC87551,2831061200,GG5468277,2017-09-22,No,Collision,,744.0923530,297.600000
BC87551,6867379946,GS4492043,2018-02-23,No,Other,,244.9128459,345.600000
BC87551,8886206073,ZJ6983417,2016-12-01,No,Collision,,494.3386117,114.514440
BC97773,6664077784,QA5051276,2017-04-07,No,Other,,417.5945269,731.350857
CD48033,7119141435,DG0591347,2017-09-04,Yes,Hail,,1511.4402410,480.000000
CD48033,232804513,KU3968818,2017-04-01,No,Scratch/Dent,,472.3821588,625.395925
CD71502,8725103370,NU9300983,2016-06-14,No,Collision,,587.5038074,314.936185
CD71502,9658380999,NU9300983,2018-01-01,No,Other,,752.2900704,302.400000
CD71502,7461102921,XG6711742,2017-12-12,No,Hail,,496.7044248,359.353280
CD76093,8949535790,FY2745497,2017-06-18,No,Collision,,918.0154161,103.702555
CD76093,5134748333,TN9007576,2016-07-12,No,Other,,759.6291531,921.600000
CD76093,4116778426,WS2913163,2017-12-30,No,Hail,,341.3622560,417.600000
CD86811,6650109315,NC5936654,2016-12-13,No,Collision,,726.8096004,374.716271
CD86811,8298688109,NC5936654,2016-12-17,No,Collision,,471.1038869,331.325638
CD86811,9982795065,QK4233817,2017-08-23,No,Collision,,338.6532195,571.593637
CD86811,2247381134,VM4321717,2016-05-29,Yes,Collision,,445.8113369,312.000000
CF57022,9563148628,DJ7317957,2016-10-03,No,Collision,,1287.5598740,754.115474
CF57022,8158774935,DL4430255,2017-02-18,No,Scratch/Dent,,957.5357152,643.200000
CF57022,6335234422,OY6243797,2016-08-27,No,Collision,,1044.2651390,667.200000
CF85061,3141402926,AU0979292,2016-07-21,No,Collision,"On the interstate, the client swerved to avoid a jackknifing tractor trailer, and struck the median, and was then struck by another car that was unable to avoid the collision.",721.6100311,363.029680
CF85061,2903817041,CU7422238,2016-03-12,Yes,Hail,,1386.9927050,612.300581
CF85061,9813803533,CU7422238,2017-04-07,No,Hail,,458.4137063,556.568103
CF85061,5256209188,FB7438726,2017-10-13,No,Hail,,883.6030712,206.911942
CH73843,8959189153,FI0919900,2017-10-28,No,Hail,,382.9090645,676.658911
CH73843,7047393217,IW7574047,2017-11-27,No,Hail,,625.2363100,43.141470
CH73843,6655429368,VY2350985,2016-01-06,No,Other,,762.3580733,33.970000
CH81088,8151557875,BR3043418,2017-01-18,No,Other,,379.0190029,156.429591
CH81088,1595448184,UG2311762,2016-11-05,No,Hail,,285.7992725,319.867735
CI24326,5152809523,XL8987928,2016-12-31,No,Other,,359.1066675,460.800000
CI38330,4747454845,AH6362176,2017-11-03,Yes,Hail,,472.6869327,839.348464
CI38330,7295128979,AH6362176,2016-12-07,No,Scratch/Dent,,753.2262392,191.100227
CI38330,438225206,IY2807290,2017-08-08,No,Collision,,980.7829589,970.456654
CI57475,202545073,MA9145030,2016-06-20,No,Other,,463.1011293,547.200000
AA10041,9311611578,RM0504451,2017-02-14,Yes,Hail,,856.4768226,178.006524
AA10041,3401314809,SC3093699,2016-04-27,No,Collision,,352.2480373,169.386126
AA10041,9291856398,SC3093699,2016-01-31,No,Hail,,5875.3880460,888.000000
AA71604,5450146950,PD7884248,2017-09-02,Yes,Hail,,668.9022728,599.000883
AA71604,5729027190,SQ6757557,2017-01-03,No,Other,,313.9169353,905.699717
AA71604,3104086084,ZC5171570,2016-10-06,No,Collision,,1198.6592120,470.400000
AB13432,2326986146,BK5171231,2017-07-25,Yes,Hail,,498.4618655,80.731240
AB13432,2328025206,UA0080206,2016-07-09,No,Hail,,2159.0442350,40.287304
AB13432,8180057168,XG2449897,2016-08-27,No,Collision,,373.5838129,792.000000
AB21519,5549345460,EZ1667654,2016-05-31,Yes,Hail,,386.1486269,281.110788
AB21519,684775015,OC4423633,2017-12-11,No,Hail,,927.5681452,571.200000
AB21519,8659075335,TI5059375,2017-12-14,No,Other,,942.9080755,108.696540
AB96670,7497013770,YN7707056,2016-01-15,Yes,Collision,,239.3915369,425.266308
AC22873,6522234050,BR2080149,2016-06-10,No,Collision,,485.3100287,717.285949
AC22873,9325199518,VK9520462,2017-05-18,No,Collision,,407.8023331,835.200000
AC22873,4686838440,XK3755746,2017-02-07,No,Collision,,285.4266940,472.043042
AC58002,297475975,XQ2397145,2016-06-22,No,Collision,,843.6350708,165.410515
AC58002,1392317909,YK6927238,2017-01-27,No,Hail,,292.6829158,347.060173
AC58002,1400510306,ZY3113845,2016-08-08,No,Hail,,2127.4342050,379.200000
AC75391,8106651260,JC0471766,2017-12-21,No,Collision,,552.5836623,331.200000
AC75391,9120312441,LB8691277,2016-12-22,No,Collision,,576.8091295,418.927204
AC75391,7652849122,YC4877657,2017-08-11,No,Hail,,334.9639274,344.015386
AE23906,4624392674,AR0695777,2017-04-16,No,Collision,,405.5399126,1215.970113
AE23906,618299941,JT5968126,2016-09-10,Yes,Collision,,1373.6132500,1261.319869
AE23906,3872947719,JT5968126,2018-05-31,No,Collision,,1933.7901030,1321.584957
AE60813,3261067196,NH6762620,2016-06-05,No,Collision,,615.3394838,768.000000
AE60813,9886704676,NH6762620,2016-02-16,No,Collision,,483.6218860,871.484565
AE60813,4702720486,TC9864463,2017-03-20,No,Collision,,759.6143777,465.600000
AE98193,3917512705,MN0837416,2016-08-17,No,Collision,,519.5824739,326.400000
AE98193,9799097060,OA4083502,2017-01-18,No,Collision,,725.1331956,583.278307
AE98193,4078226089,TC4191776,2016-08-04,No,Collision,,785.9414569,813.600000
AF10970,4929973659,CF4063938,2017-07-06,No,Collision,,1305.5570870,1166.400000
AF10970,3396845846,EN6762460,2016-09-13,No,Collision,,597.3143430,350.400000
AF10970,6031928537,LC3870971,2016-11-07,No,Scratch/Dent,,749.8290823,666.527100
AF41118,8600303861,GU6679809,2017-01-22,No,Collision,,277.6317884,509.028102
AF41118,3334521985,VB7313524,2016-06-24,No,Hail,,810.0243093,212.455137
AF41118,9580813592,VL0914475,2016-01-22,No,Collision,,291.3323811,483.731784
AF49625,138647698,BM1138443,2016-03-17,No,Hail,,600.6963446,488.910614
AF49625,7952832366,LT8365367,2016-04-13,No,Hail,,619.1402312,955.200000
AF49625,7550025949,TC3392575,2017-04-21,No,Scratch/Dent,,873.8299629,156.617415
AF81450,3485204557,CF4642646,2016-06-06,No,Collision,,1143.1730890,588.742251
AF81450,8185166020,RQ2136540,2017-11-28,No,Other,,571.7743109,148.738098
AF81450,3614693009,XR8042635,2017-09-18,No,Collision,,3209.8322090,504.000000
AG22225,6321267089,FQ9968336,2017-05-18,Yes,Collision,,4178.7903430,571.200000
AG22225,3348642903,SX6500321,2016-08-03,No,Hail,,694.1900812,460.800000
AG22225,6205237304,YL6074040,2017-03-09,No,Other,,484.6322223,518.400000
AG45299,3227114957,IF5557792,2016-12-14,Yes,Collision,,352.8044252,441.600000
AG45299,3568630735,IF5557792,2016-09-23,Yes,Hail,,871.7049833,355.200000
AG45299,5909314928,YL1692368,2017-11-01,No,Hail,,238.6201293,302.400000
AG62140,1424339882,EJ4407520,2016-04-03,Yes,Collision,,3347.3349460,508.800000
AG62140,3387811969,EJ4407520,2017-11-18,No,Scratch/Dent,,795.0178237,331.200000
AG62140,3065267735,YQ5940132,2017-12-31,No,Collision,,312.4933827,441.765368
AG85615,7108527621,DI6933780,2016-09-29,No,Hail,,579.0462518,350.400000
AG85615,4806256117,IE1793050,2016-11-15,No,Collision,,2414.3875560,626.400000
AG85615,6175382201,XR7525885,2017-10-22,No,Hail,,228.7917290,238.530745
AH65907,1072032639,DG6242670,2017-09-03,No,Other,,235.4322179,297.600000
AH65907,5648928403,JM8785609,2017-08-01,No,Collision,,508.3789524,73.258034
AH65907,3397768122,RM7765479,2016-07-11,No,Hail,,285.9408570,340.800000
AH84063,8585937416,IA2197908,2016-11-02,No,Hail,,758.3564350,737.442295
AH84063,1414672945,PW4764960,2017-07-17,No,Collision,,3243.7053500,475.200000
AI49712,720333274,TZ2219320,2016-03-15,No,Other,,272.6834065,376.923839
AI49712,6459934254,TZ2219320,2016-06-29,Yes,Collision,,1040.8968650,523.815839
AI61368,6041516018,AX9852648,2016-07-31,No,Collision,,1765.1963390,456.000000
AI61368,8807359875,SA0435362,2017-12-28,No,Hail,,1577.7887020,289.894293
AI61368,9453348263,XR0091837,2017-11-01,No,Collision,,590.6940238,128.211980
AI85843,5788736510,DG9087960,2016-01-14,No,Collision,,675.6651404,221.856184
AI85843,3235726350,LA9066709,2017-06-14,No,Hail,,233.6286633,49.014822
AI85843,4308675209,TG9716705,2016-12-26,No,Other,,250.7884662,178.762806
AJ58038,9613306282,WJ5554622,2017-01-04,No,Hail,,451.5184003,802.278237
AJ58038,7345179125,CB1336112,2016-09-29,Yes,Hail,,239.6219292,433.160284
AJ58038,1994556206,TQ6757869,2018-01-21,No,Collision,,752.1282545,987.293841
AJ89107,8486811636,JI9068350,2018-03-09,No,Hail,,579.2666316,345.600000
AL46984,6242865225,GL8731881,2017-01-25,No,Other,,744.3832860,243.547316
AL46984,560503138,TN0912092,2016-06-26,No,Collision,,873.0421977,350.400000
AL96740,3255472972,CJ8259258,2016-02-02,No,Collision,,290.3939763,59.861963
AL96740,1446983452,EJ6624580,2017-11-11,Yes,Hail,,472.6869327,839.348464
AL96740,5293001268,GC4500212,2017-07-31,No,Other,,717.6591051,878.400000
AM30008,4668996523,DO0358392,2016-01-10,No,Other,,1413.1121340,888.000000
AM30008,7778449473,DW5764590,2017-11-25,No,Hail,,233.6177331,458.661381
AM30008,6717798471,TC8303120,2017-11-05,No,Collision,,1284.0432910,648.000000
AM34581,4117780568,DH9889885,2016-06-16,No,Collision,,947.0063102,118.556928
AM34581,6935358398,DH9889885,2016-08-23,No,Scratch/Dent,,506.8264582,22.962412
AM34581,6523515055,QT5111237,2017-10-01,Yes,Hail,,364.4833554,432.000000
AM52614,7785634883,BN3033437,2017-03-18,No,Other,,738.8733207,638.371157
AM97901,4145020422,VY6352054,2017-03-09,Yes,Hail,,758.2113842,268.471802
AM97901,1290745101,YB9617825,2016-10-01,No,Collision,,2298.6153930,1336.931716
AN36757,986803997,AU4128765,2016-05-10,No,Hail,,2205.6004960,408.550442
AN36757,812723146,BE7881571,2017-04-21,No,Collision,,565.9139938,345.600000
AN36757,5391150162,BQ2813929,2017-12-21,No,Scratch/Dent,,245.1535793,69.794432
AN47199,1011414998,DK9417738,2017-10-23,No,Hail,,345.2414955,245.308491
AN47199,9282979559,QY0558985,2017-11-20,No,Hail,,271.0149379,350.400000
AN47199,774459966,YX7213440,2016-12-31,No,Collision,,885.8352032,81.255741
AO46433,9757289543,IU2195685,2017-12-23,Yes,Hail,,605.7072080,398.400000
AO46433,2557978042,KW5383511,2016-05-06,No,Hail,,840.1788653,595.200000
AO46433,7442035126,KW5383511,2017-04-11,No,Collision,,279.8834343,340.800000
AO74776,3157210391,OO1895498,2016-09-30,No,Collision,,454.9337013,14.095914
AP27994,7036481295,IL9861661,2017-09-27,No,Hail,,553.9349243,98.716580
AP27994,4464654951,LP6488569,2016-11-15,No,Hail,,1632.0767160,1778.400000
AP27994,8011922191,LP6488569,2016-03-27,No,Scratch/Dent,,1083.1130040,460.800000
AP63665,839310180,EF7392774,2017-10-03,No,Collision,,565.7685223,336.612234
AP63665,4548715202,EX0269079,2017-12-06,Yes,Collision,,1131.5203730,484.800000
AP63665,9396757913,XE1768372,2016-05-07,No,Collision,,534.8071007,331.200000
AP66226,2226921407,DW0051730,2017-02-03,No,Scratch/Dent,,285.2527169,418.534381
AP66226,4228528852,MG5811970,2016-05-03,No,Scratch/Dent,,734.7410517,292.800000
AP66226,8768217810,MG5811970,2018-03-02,No,Hail,,1128.8172040,307.895350
AP67935,6731152280,KQ5776451,2016-02-01,No,Hail,,761.9515800,302.565190
AP67935,484711761,MG1220465,2017-08-09,No,Hail,,268.5738737,333.189774
AP67935,7903672936,SV4203616,2016-06-15,No,Collision,,401.5400868,489.600000
AQ70619,6196894792,ZD6502233,2016-03-19,No,Scratch/Dent,,510.6781547,16.510134
AR47849,2400339093,GU8231559,2016-11-23,No,Hail,,1051.5967790,648.000000
AR47849,8700321898,SQ7739592,2016-06-07,No,Collision,,720.3133626,149.843223
AR47849,611111129,SY8176622,2017-10-16,No,Other,,1443.9803130,892.800000
AR61426,4126193435,KM9749809,2017-12-07,No,Collision,,2176.8699520,986.400000
AR61426,8530661050,VN3269054,2018-01-02,No,Collision,,524.3446345,271.074379
AR61426,1305066782,WQ6073106,2016-05-04,No,Other,,944.5649461,41.628869
AR96516,7987861907,SF0550822,2017-09-12,Yes,Collision,,239.3915369,425.266308
AR96516,9975486102,TI6070332,2017-04-30,No,Hail,,485.4362069,292.800000
AR96516,9007181308,YH9451672,2016-02-08,No,Hail,,591.4951808,355.200000
AS17174,2590008786,CA2540840,2017-09-05,Yes,Collision,,800.7399376,537.600000
AS17174,8880944174,GW5439949,2016-08-30,No,Collision,,869.3631249,566.400000
AS99827,4783712939,RH4976142,2016-03-02,No,Collision,,647.8801192,158.362972
AT24793,9482494944,BF2178517,2017-05-06,No,Hail,,789.2824093,327.656191
AT24793,7532969753,SU5352726,2016-07-08,No,Other,,965.6212573,1224.563450
AT24793,9135126952,SU5352726,2017-11-10,No,Collision,,676.5800532,378.752580
AT30076,2727486312,AY8053549,2017-07-23,Yes,Hail,,784.0165778,1008.000000
AT30076,7994178074,HU1229864,2016-05-19,No,Hail,,273.4514945,270.381385
AT30076,8674236269,HU1229864,2016-12-16,No,Hail,,768.9714281,617.705323
AT49447,7987387845,RK8261494,2018-01-28,No,Scratch/Dent,,205.2948967,806.180375
AT49447,4609086506,TD7428164,2017-11-02,No,Collision,,1042.6085510,316.800000
AT49447,2148420731,UM4378677,2016-02-25,No,Hail,,759.1827171,233.265397
AT62618,3421548754,BZ3689347,2016-01-30,No,Collision,,1326.5962560,83.830109
AT62618,4874150674,FB9744292,2017-04-17,No,Collision,,435.9741970,307.200000
AU94279,7865540564,VY9301324,2017-03-09,No,Collision,,1178.5041810,20.405935
AU96286,2664781338,EX9449638,2017-05-26,No,Collision,,630.5925101,468.000000
AU96286,3492633166,TR2069224,2016-05-31,No,Other,,316.7658442,662.400000
AU96286,3980218818,XI2150426,2016-08-20,No,Hail,,970.1027271,344.767795
AV76907,1748371974,IV8680833,2016-10-11,Yes,Collision,,428.2947971,166.937747
AV76907,9610875541,QI9886495,2017-08-20,Yes,Collision,,477.0550911,362.774545
AV76907,5743729468,RJ6197541,2016-11-06,Yes,Hail,,904.8983447,571.200000
AV96010,5010654334,PK4114009,2016-04-29,No,Hail,,292.7070450,369.918482
AV96010,6278157533,ST6778547,2017-03-02,Yes,Hail,,272.5356404,56.603330
AV96010,4156510331,TQ2972834,2017-12-15,Yes,Collision,,871.4922135,566.400000
AW17574,9542649987,RH7146130,2017-09-22,No,Collision,,2427.8101670,451.751555
AW17574,6113367914,SN2345998,2016-05-23,No,Collision,,675.1437153,456.000000
AY40674,1923046182,CS3480035,2016-06-11,No,Hail,,482.1418454,614.400000
AY52869,7936746190,CN0809762,2017-06-08,Yes,Hail,,253.0705137,61.769564
AY52869,466324914,ZS8685935,2016-11-07,No,Scratch/Dent,,264.4983484,235.174197
AY52869,9672037261,ZS8685935,2016-08-24,No,Scratch/Dent,,495.3358432,342.468248
AY84441,3125347618,HB9635034,2017-03-09,No,Collision,,1052.9848670,472.850932
AY84441,8789875059,ND7614796,2017-06-11,No,Hail,,394.2917284,547.619785
AY84441,9039486705,XH1994868,2016-06-11,No,Scratch/Dent,,400.2857594,820.800000
AY88788,9820283537,EM4107813,2016-06-11,No,Collision,,1541.7682200,878.812468
AY88788,4658743639,EN0078324,2017-04-20,No,Collision,,539.0271650,272.024652
AY88788,8212097386,OJ8683050,2018-01-24,No,Collision,,769.0159642,307.200000
AY98473,9251542170,ID4653557,2016-08-27,No,Scratch/Dent,,251.6103555,136.263492
AY98473,7854308356,MV0943721,2017-04-02,No,Collision,,809.9400270,484.800000
BC47264,2322742766,ZU0176364,2016-06-28,No,Hail,,1447.2583000,75.698305
BC62782,7321637880,BV7204674,2017-06-19,Yes,Collision,,701.9177186,302.400000
BC62782,9870929963,DC0458009,2016-06-24,Yes,Hail,,275.9978287,331.200000
BC62782,5795557918,NW3582347,2016-05-02,No,Other,,1357.5675990,552.000000
BC66536,8664238383,IK9343305,2016-03-31,No,Hail,,688.3686618,408.000000
BC66536,5558047084,SI9821857,2017-02-09,No,Other,,1104.4108470,200.768848
BC66536,3879009754,TB7339411,2017-01-13,No,Collision,,715.9806745,76.289123
BC66921,6935146689,DL5994358,2016-10-07,No,Collision,,281.6567395,340.800000
BH28530,2098998579,VP9486118,2017-04-26,No,Hail,,295.4387586,129.267408
BH28530,9858227058,YZ7547101,2016-04-16,No,Hail,,493.2878744,283.787384
BH35016,8825615621,DC6764707,2016-01-03,No,Collision,,387.0356928,508.800000
BH35016,1854782814,VR4954989,2017-05-02,No,Hail,,3126.9273080,164.496171
BH35016,6687271383,WW0972500,2016-10-02,No,Collision,,1670.6116990,424.883448
BH36570,4613121430,FI5069209,2016-08-12,Yes,Hail,,507.3282126,600.000000
BH36570,7005012870,NL8163841,2016-02-27,No,Collision,,591.2783829,350.400000
BH36570,7976145087,PM0602352,2017-01-07,No,Scratch/Dent,,757.3336505,451.200000
BH36973,7218694376,RJ3382342,2017-03-30,No,Scratch/Dent,,1925.3034410,765.591167
BH36973,5332783162,VB7979569,2016-01-21,No,Hail,,1606.8348380,955.200000
BH36973,9427576371,VB7979569,2017-11-29,No,Collision,,718.3071115,402.778867
BH60627,4162446972,IU5545532,2017-11-20,No,Scratch/Dent,,1556.3369440,1214.400000
BI76326,5272602204,YF8862933,2016-01-09,No,Hail,,1227.5343090,430.505942
BI76326,7664337123,ZZ3429884,2016-09-15,No,Scratch/Dent,,2619.9527070,358.643521
BJ26599,1243386247,CP1957219,2016-02-01,No,Collision,,571.4165863,355.200000
BJ26599,9477144892,XO7868663,2017-12-19,No,Other,,831.0704732,203.886869
BJ26599,2196092012,ZX2321816,2017-08-01,No,Scratch/Dent,,1030.7652580,614.400000
BJ53923,2097883122,CE6726894,2017-01-14,No,Other,,504.1447024,138.961963
BJ53923,6291614756,RH8660730,2016-05-31,No,Hail,,260.0272131,144.782152
BJ53923,7499577213,TX8201578,2017-03-23,No,Hail,,282.1352024,244.401453
BJ65040,6607452664,IQ9327850,2016-12-29,No,Other,,273.3431887,478.234236
BJ65040,6342789001,LQ4267534,2017-02-18,Yes,Hail,,567.8050167,364.800000
BJ65040,8252230241,VD2730534,2018-03-06,Yes,Hail,,555.5830205,471.443077
BK15048,2808792366,BH8559216,2018-03-21,No,Hail,,708.9046071,432.000000
BM21532,9482328228,EX2067794,2017-11-04,No,Hail,,788.2987485,587.656629
BM21532,3262659777,NM0450318,2016-01-26,No,Collision,,683.2111972,446.400000
BM27144,5261853668,HQ1326415,2017-03-18,No,Scratch/Dent,,592.3518828,301.562622
BM27144,849457567,UE3091117,2017-04-09,Yes,Hail,,477.2943848,638.400000
BM27144,7046236115,UE3091117,2016-10-02,No,Collision,,345.1102440,499.200000
BM39234,6375036979,FL7332672,2017-12-20,No,Hail,,748.5356469,177.369840
BM39234,5616166096,JI8624224,2017-06-03,No,Other,,4063.6667340,619.200000
BM39234,8791523909,XB9991967,2016-04-15,Yes,Hail,,257.4020376,42.689135
BM66931,1019576561,SO6085736,2016-03-20,No,Hail,,404.8161290,407.045238
BM66931,2452283658,UZ7984810,2017-02-08,No,Hail,,1561.0900650,439.352186
BM66931,7025991392,VK0346696,2017-04-05,No,Collision,,486.3470811,609.600000
BM69081,4726356937,DE2299257,2016-07-13,No,Hail,,694.7524013,925.137143
BO21461,2385462157,HT3295807,2016-08-03,No,Collision,,438.1880534,508.614758
BO21461,8641847254,HT3295807,2017-11-13,Yes,Collision,,800.2308333,513.600000
BO21461,2839911530,YS8383236,2017-10-05,No,Other,,495.6620638,316.800000
BO94261,6793124603,FN0712872,2017-03-07,No,Other,,476.6645359,6.422285
BO94261,671165521,WM4863752,2016-06-10,No,Collision,,677.6353402,818.730215
BO94261,7472290947,WM4863752,2017-12-28,No,Scratch/Dent,,936.8271030,333.478333
BP28492,3680807580,CS0984661,2017-11-10,No,Hail,,635.2961129,276.191729
BP28492,2627081955,OK5812983,2016-08-20,Yes,Hail,,483.4710493,316.800000
BP28492,3961200172,YW4478207,2017-08-29,No,Collision,,811.4409136,446.084760
BP83941,7795300815,GI2997554,2016-06-09,No,Scratch/Dent,,839.6327608,552.000000
BP83941,2335754493,RE1381231,2017-05-11,No,Other,,474.4967459,248.422693
BP83941,7978054836,SP0473210,2017-03-31,No,Collision,,1517.3968410,604.800000
BS13062,2115151751,XO6940589,2016-01-02,No,Other,,2575.5278170,388.800000
BS13111,2468248958,AX8822833,2017-12-05,No,Collision,,487.9713235,321.600000
BS13111,3818249404,BH5000745,2017-11-18,No,Hail,,389.6572719,350.306385
BS13111,6817263282,RO8249766,2016-12-15,No,Collision,,663.0836094,315.950185
BS77946,6498353016,MU0971930,2017-02-13,No,Collision,,467.4705262,597.259924
BS77946,4430773546,QY0808128,2016-08-23,No,Collision,,975.3307106,8.312729
BS77946,2518557042,WO1596623,2016-08-04,No,Other,,408.7512572,748.800000
BS83666,531621586,BW0181061,2017-10-06,Yes,Hail,,253.8626320,340.800000
BS83666,7893821,MM6394506,2016-01-25,No,Other,,276.9725270,279.714859
BS83666,9742819839,XP5639336,2016-11-11,No,Collision,,736.6188300,17.742954
BT30554,1830629917,CD8344491,2016-10-14,No,Other,,278.1589027,532.800000
BT30554,80862095,CP8231666,2016-04-27,No,Collision,,1034.6324540,470.400000
BU53191,5678495767,JR6759667,2016-07-05,No,Collision,,883.4322784,226.968400
BU53191,2337759694,SM2316639,2017-11-08,Yes,Hail,,267.4730716,331.200000
BU70181,1890812469,SH7619299,2017-11-04,No,Collision,,286.6595388,262.086021
BU70181,9580910369,SH7619299,2016-01-22,No,Collision,,483.6054291,632.081402
BU70181,1771372365,SW5548931,2017-02-18,No,Other,,214.7656911,297.600000
BU72276,1522511725,EH3704377,2017-09-11,No,Scratch/Dent,,262.8657528,281.405931
BU72276,2571874224,HS8480806,2018-03-11,Yes,Collision,,549.8940679,350.400000
BU72276,7227794804,HS8480806,2016-01-01,No,Collision,,3689.7797650,638.400000
BU79786,1702602439,BQ7337134,2016-01-20,No,Collision,,2677.0445340,355.818306
BU79786,4662616520,BQ7337134,2017-11-08,No,Collision,,712.6263963,88.765534
BU79786,7947075603,DS1976077,2018-03-14,No,Collision,Skidded off road attempting to avoid oncoming car.,276.3519279,384.811147
BU79786,7931696513,MQ0712605,2017-09-03,No,Collision,,242.3755534,302.400000
BW52697,4500326762,GN2840354,2017-09-05,Yes,Collision,,549.8940679,350.400000
BW52697,5302917247,IW5369348,2016-09-08,No,Collision,,578.9352696,73.848672
BW52697,5665498692,PR7807044,2016-04-01,No,Hail,,550.5057003,301.437365
BW63560,8616357241,DJ1523042,2017-08-07,No,Hail,,4174.5006460,556.800000
BW63560,5259990684,HV7336237,2016-05-23,No,Collision,,470.9522180,470.576119
BW63560,6716919426,HV7336237,2017-12-30,No,Collision,,290.7436030,362.026936
BW63560,9165873907,ZC3435562,2016-06-12,No,Hail,,746.3139377,42.920271
BW76745,4775759653,KN8542110,2016-08-04,No,Collision,,481.3284447,472.611522
BW76745,7739182772,KN8542110,2017-11-21,No,Collision,,1760.2511460,772.800000
BW76745,7166523992,OH1271999,2017-11-14,Yes,Hail,,380.8122147,451.200000
BW80872,9787984255,UA4530195,2016-10-26,No,Hail,,389.0870810,249.140907
BW80872,149204575,VY4690117,2017-04-15,Yes,Hail,,578.0182197,787.993313
CA29908,4655223162,TE6023205,2017-09-08,No,Collision,,445.5518101,342.796508
CA52541,8936330063,IW8648206,2016-01-26,Yes,Collision,,1096.3957230,1324.800000
CA52541,2002898205,OL6003249,2017-05-13,No,Collision,,1378.6702720,370.755025
CA52541,1678943970,XH4375957,2017-04-22,No,Collision,,1995.5257130,64.669515
CA54112,9850161566,GX9253232,2017-03-08,No,Collision,,1202.2386450,996.775536
CA54112,8305100556,JN1788730,2018-01-20,No,Scratch/Dent,,251.1944048,312.000000
CA54112,8488934470,QT1841074,2016-06-26,Yes,Collision,,509.6673223,312.000000
CA56041,6578305159,LQ4696703,2016-04-12,No,Scratch/Dent,,912.0065162,370.285349
CA56041,2552479167,WN2293722,2017-09-20,No,Scratch/Dent,,537.5821564,104.977375
CA56041,1299821342,ZO9359050,2017-05-22,No,Hail,,348.9276369,705.600000
CA70404,5781331913,IM2440735,2016-06-11,No,Collision,,775.6174223,632.765462
CA70404,9041760800,NL6394817,2016-03-16,No,Other,,1726.3640480,71.942176
CC15295,8428064870,HF6251471,2016-04-03,No,Collision,,610.4723142,219.879452
CC15295,3243716026,WS9866641,2016-06-15,No,Hail,,974.3350113,393.600000
CC30924,4991485475,JH6266065,2016-09-20,No,Collision,,298.9963139,78.172321
CC30924,2893853804,PP1348733,2016-07-28,No,Other,,626.2663307,466.436375
CC30924,3908829388,YG7788847,2017-01-17,No,Scratch/Dent,,249.7543631,316.800000
CC31456,8745715631,DP0760066,2017-03-02,No,Other,,343.2961074,456.000000
CC31456,6584649113,GT5698007,2016-10-13,No,Hail,,645.7560953,160.598662
CC31456,7083839175,PR1066632,2016-09-27,No,Hail,,230.0334605,475.200000
CC91503,1885880172,LB0473780,2016-02-07,No,Collision,,1016.9369810,648.000000
CC91503,5173799554,NK5647308,2017-03-21,No,Collision,,516.3838813,253.193647
CC91503,496214403,ZY0600223,2017-01-26,No,Hail,,1510.2228660,32.978158
CD48033,3087236815,BR0306377,2016-07-23,Yes,Collision,,780.5312870,508.800000
CE94751,2977871166,CG0511694,2016-11-12,No,Collision,,456.8819387,524.836298
CE94751,9690541639,JH2763206,2017-09-20,No,Collision,,746.9557777,134.828318
CE94751,609289063,OM6043806,2017-10-31,No,Collision,,2879.9954150,1152.000000
CF15086,2382449043,JF3642903,2016-07-22,No,Other,,798.5472561,77.442722
CF15086,5817817463,JF3642903,2017-12-17,No,Collision,,429.8378567,556.800000
CF15086,3029321148,SK4509996,2017-08-17,Yes,Hail,,1511.4402410,480.000000
CF15558,3400328592,NL4506050,2017-02-16,No,Other,,311.3338974,13.444132
CF15558,8655014692,WY6874857,2016-01-03,No,Hail,,500.4263818,283.995953
CF15558,5013118712,XA3984945,2016-07-08,No,Scratch/Dent,,537.5657146,749.134686
CF46699,4826295524,NK6179281,2017-06-10,No,Hail,,390.9636524,71.169255
CF46699,3910030850,XX4799907,2016-02-15,No,Other,,2793.7750930,561.600000
CF46699,9621118760,XX4799907,2017-11-05,No,Hail,,504.4857229,218.491318
CJ15590,2148883495,NM1785264,2016-05-23,No,Other,,562.3611187,340.800000
CJ15590,7794010098,NM1785264,2016-04-01,Yes,Collision,,388.5456401,504.000000
CJ31839,1967413301,AI8420060,2017-10-15,No,Collision,,322.6516193,285.020982
CJ31839,6798692521,KE1499793,2016-11-24,No,Hail,,285.9528930,204.872273
CJ31839,5124690739,MH2360574,2016-06-10,No,Collision,,834.3412804,508.800000
CJ81391,2585687216,MC4271061,2017-08-19,No,Hail,,823.8458020,84.097896
CJ81391,6940014693,PL4587767,2016-04-09,No,Hail,,809.3898245,513.600000
CJ81391,7129953775,PL4587767,2018-01-29,No,Other,,890.1055724,542.400000
CJ97736,9574880540,SC4589192,2018-01-06,No,Collision,,1056.9625470,95.950810
CJ97736,6681070246,TE7309688,2017-01-20,No,Collision,,437.9927840,319.294289
CJ97736,2455312301,ZN1722359,2016-10-16,No,Hail,,582.8182200,461.269135
CK19789,5870718158,BX3130201,2017-05-02,No,Hail,,455.8972934,556.800000
CM52565,8142630837,QF9087416,2016-10-19,No,Hail,,603.3222351,597.600000
CM52565,2520214669,TJ2889320,2017-12-31,No,Other,,722.8993348,436.800000
CM55703,6529746969,AP8925177,2016-01-27,No,Collision,,289.6918767,355.200000
CM55703,3810885570,FL4294426,2016-03-17,Yes,Collision,,1020.8927610,619.200000
CM55703,3084832230,OM1276139,2017-03-09,No,Collision,,650.8759916,333.423827
CM59084,4032969836,EM6480616,2017-06-13,Yes,Collision,,604.7025160,364.800000
CM59084,407418561,GO6597550,2017-11-12,No,Collision,,2206.2548410,1620.000000
CM59084,1185187115,ZH8707735,2016-03-05,Yes,Collision,,360.0934326,694.598288
CM61827,1683443995,DM5583962,2017-05-31,No,Collision,,958.7586583,65.428481
CM61827,7117596803,LX7625025,2016-09-27,No,Scratch/Dent,,309.0034104,648.000000
CM61827,5137717830,WG2866047,2016-04-03,No,Scratch/Dent,,237.4147419,292.800000
CM61827,8186722919,WG2866047,2016-06-01,No,Collision,,532.2291688,873.127345
CM94425,3950655810,PC0018847,2016-11-20,Yes,Collision,,249.1317024,67.530904
CM94425,8452394869,QR4031006,2017-09-12,No,Collision,,264.7204207,210.641776
CM94425,3030605303,TI0068184,2016-09-02,No,Scratch/Dent,,441.6206243,497.047297
CM95716,670812154,IP5914041,2017-10-02,No,Hail,,532.9128301,345.600000
CM95716,7600540629,JJ9040418,2016-06-29,No,Collision,,818.6308757,1126.657780
CM95716,8709393771,VX0839349,2016-06-27,No,Collision,,843.4464067,72.205362
CN13435,6563450085,DH7296814,2018-01-04,Yes,Hail,,288.6451602,486.278557
CN13435,9433688486,TI8539835,2016-03-31,No,Hail,,274.5249838,330.782934
CN13435,9455445313,TY8240763,2017-11-02,No,Other,,1525.3264360,850.389259
CN16311,7311881555,EV2956545,2016-04-02,No,Hail,,256.8843396,350.400000
CN16311,7694505374,EV2956545,2016-11-16,No,Collision,,365.3126090,770.400000
CN16311,1993088469,NP7469794,2017-11-28,No,Other,,953.8770856,58.714775
CN30964,1950609333,DV5824212,2017-06-19,No,Collision,,411.7469700,344.736945
CN30964,3056150295,PD9996932,2017-04-03,No,Collision,,497.5171042,341.088276
CN30964,4156917491,PD9996932,2016-04-19,No,Collision,,618.9122455,648.000000
CN49086,2401539632,GU4291272,2016-12-23,No,Collision,,643.9779016,421.824276
CN49086,2392457479,HC1034731,2016-03-28,No,Scratch/Dent,,652.9431827,433.588181
CN49086,2483968116,RY3665286,2017-12-11,No,Collision,,3669.5906270,1062.090461
CN63432,880295064,JI2329142,2016-04-10,No,Hail,,751.6831717,146.950756
CN63432,9363307817,WT2972576,2017-07-29,No,Collision,,254.6364668,296.692076
CN63432,138576746,ZK1232260,2018-02-04,No,Collision,,734.3527920,345.600000
CN90378,2282737036,EJ8238716,2016-08-15,No,Collision,,287.7813846,145.365072
CN90378,6869137329,IJ8957211,2016-12-05,No,Collision,,686.2508337,135.261250
CN90378,4192042333,YB6366738,2017-09-07,Yes,Hail,,247.2469209,208.598246
CR33417,2338111178,CL6511706,2016-11-17,No,Scratch/Dent,,1028.8924950,609.600000
CR33417,9393519271,DG5026988,2016-11-09,No,Collision,,399.2583886,700.349052
CR33417,9990970943,OF3652410,2017-08-03,No,Collision,,574.5416630,1853.202354
CR41258,9294212455,DL8433268,2017-10-03,No,Collision,,941.9883665,161.590594
CR41258,7155123527,SW7168889,2017-12-22,No,Collision,,1438.2564630,403.737293
CR41258,9954119406,SW7168889,2016-05-21,No,Hail,,1433.3924890,340.800000
CR48975,8195443859,DI8720493,2017-05-21,No,Hail,,1183.4734690,612.000000
CR48975,4586562743,MI1937793,2016-02-25,No,Other,,2408.4535200,396.082036
CR48975,70173842,RI7361508,2016-07-31,Yes,Collision,,1373.6132500,1261.319869
CI57475,7487748164,MA9145030,2017-12-10,No,Collision,,933.3076001,928.800000
CI57475,983572725,ME8372527,2017-08-28,Yes,Hail,,472.6869327,839.348464
CI95726,125717495,NX3882657,2016-07-23,No,Hail,,284.2025913,60.845685
CI95726,5405871187,NX3882657,2016-04-23,No,Collision,,504.0775434,316.800000
CI95726,274070164,PR6160802,2017-02-02,No,Collision,,851.6751366,537.600000
CJ15590,4297923325,AV3670418,2016-09-29,No,Scratch/Dent,,269.5182419,321.600000
CJ15590,9909482111,FG6389053,2017-03-10,No,Collision,,444.8642277,792.104571
CT83377,4328966434,LB2870006,2016-09-20,No,Other,,245.0625315,18.077998
CT88432,1691624815,FO7392926,2017-04-20,No,Scratch/Dent,,1459.4452350,453.600000
CT88432,574810906,MC5201038,2017-11-01,No,Hail,,261.9172388,136.033828
CT88432,9612429609,UC9188642,2016-09-18,No,Other,,275.0705045,336.000000
CU13711,4888468301,KZ6551376,2016-02-19,No,Collision,,1086.4274910,308.631159
CU13711,276679587,SB4987297,2017-07-14,No,Collision,,869.3995589,787.889530
CU13711,2332528360,ZM5736439,2017-03-28,No,Other,,271.0918992,547.200000
CU19735,5448173357,FP3804733,2017-12-19,No,Collision,,568.8204990,345.600000
CU19735,3604832063,PR5751745,2016-07-21,No,Collision,,804.1200550,624.023564
CU19735,8535205058,ZN6161626,2017-01-08,No,Hail,,709.4158873,45.463345
CU26127,1948317977,GP2590876,2016-10-01,No,Collision,,476.2823136,366.212945
CU26127,1832381834,KJ2933487,2016-10-25,No,Collision,,1565.6034340,599.648466
CW49887,7293468841,PY3494830,2017-06-16,No,Scratch/Dent,,704.8544758,446.400000
CW82151,2430283072,MK2365969,2016-01-30,No,Collision,,890.2737595,64.109663
CW82151,3067347995,NR6800744,2016-01-10,No,Other,,716.3540342,316.800000
CW82151,6209804896,NR6800744,2016-03-17,No,Collision,,414.0648654,590.400000
CW82151,9187620858,VX4115546,2017-06-14,No,Scratch/Dent,,1234.9702320,489.600000
CW98845,5779400546,FK0831762,2017-12-22,No,Collision,,906.1951591,101.288057
CW98845,2950799570,HC5376353,2016-05-16,No,Hail,,458.3100889,556.800000
CW98845,9304538433,SB6579006,2018-02-01,Yes,Collision,,626.5343299,481.025786
CX12134,9602082488,BI6553912,2016-03-30,No,Scratch/Dent,,494.4240345,292.800000
CX12134,9529531554,CE5236425,2016-01-13,No,Hail,,422.0613534,528.000000
CX12134,7214641627,IB3755854,2017-11-02,No,Scratch/Dent,,244.8859093,489.600000
CX20455,5714830223,DG4843668,2017-08-15,Yes,Collision,,4178.7903430,571.200000
CV31235,2370906511,SU2303963,2016-04-19,Yes,Collision,,1377.0976180,556.800000
CV35709,6768920903,AT7542192,2016-09-20,Yes,Collision,,230.0691547,302.400000
CV35709,8661625583,AT7542192,2017-12-27,No,Other,,4068.8534420,547.200000
CV35709,8121819827,IQ2907313,2017-11-20,No,Scratch/Dent,,481.5851943,562.667789
CV48634,9545703730,HR0569063,2016-12-10,Yes,Collision,,261.9337376,225.578841
CV48634,3836947978,NH9461649,2017-07-06,No,Collision,,725.5577594,365.835977
CV48634,3943138475,RQ1834489,2016-05-02,No,Other,,1212.8446700,237.896227
CV64725,1065808176,OL4313323,2017-11-15,No,Collision,,829.5977271,497.684017
CV64725,2171587931,OL4313323,2016-11-30,No,Other,,331.4551330,167.399590
CV64725,429917342,RC3171128,2017-02-04,No,Hail,,478.7472973,360.110955
CV72453,94985387,LY3313965,2017-01-28,No,Hail,,1308.3486220,518.400000
CV72453,2268203422,RI1884786,2016-12-11,No,Hail,,417.9488639,494.400000
BZ12077,3056888061,UN3123372,2016-08-12,No,Collision,,1291.3498180,513.600000
BZ44726,4782340302,FK9040837,2017-12-13,No,Collision,,491.1115538,274.114843
BZ44726,4883246928,KP8759624,2017-07-10,No,Other,,509.3007525,307.200000
BZ44726,2338626574,VT7922128,2016-12-16,No,Scratch/Dent,,1647.7768430,336.000000
BZ65376,1229282284,JB5286485,2017-10-04,No,Collision,,820.3221246,415.550209
BZ65376,6975812132,NS3803149,2016-03-31,No,Hail,,858.1278701,2893.239678
BZ65376,4854035395,ZW1942866,2016-03-27,Yes,Hail,,497.4801539,467.803638
BZ85280,6454073654,JZ4194748,2016-10-07,No,Collision,,3387.3181230,476.486416
BZ85280,2123738364,TC6414613,2016-06-02,No,Scratch/Dent,,434.7159852,537.600000
BZ85280,6653257591,ZB3738319,2017-07-10,No,Collision,,457.2041785,357.149960
CA29908,5742976284,FY8243873,2018-03-15,No,Hail,,380.3798530,465.600000
CA29908,6682874205,PP8251756,2016-05-18,No,Other,,295.6358303,13.628274
CP98451,7168273417,LL8552669,2016-06-28,Yes,Collision,,230.0691547,302.400000
CP98451,5627779155,RB8192928,2017-07-23,No,Other,,580.9261551,548.333667
CP98451,4119254808,YH9453142,2016-04-30,No,Collision,,905.7935331,327.682669
CQ72935,869868585,OH5617778,2016-08-09,No,Collision,,833.4317162,331.200000
CQ72935,5658316479,UF0608210,2018-03-21,No,Hail,,284.9252467,361.564021
CQ72935,2473352438,UR7159156,2017-03-18,No,Other,,323.7500928,14.743099
CQ75652,6551757307,FB6852383,2017-10-16,No,Collision,,808.3917906,601.074585
CQ75652,3504510063,GV2618379,2016-12-26,Yes,Collision,,554.8031892,331.200000
CQ75652,448781421,QT9105177,2016-11-08,No,Collision,,834.1623748,566.400000
CQ76030,2929827260,DN6726665,2017-11-10,No,Hail,,768.1551777,203.226649
CQ76030,1885876043,JT9465237,2017-04-13,No,Hail,,494.9389491,964.800000
CQ76030,9056656704,MN8287824,2016-03-16,No,Scratch/Dent,,846.7387317,656.798232
CS70768,8218153452,UV4773677,2017-03-26,No,Hail,,800.9028202,740.963933
CS93971,4793872469,IF3396868,2017-07-15,No,Other,,313.5405606,272.995500
CS93971,1783052160,JZ0610203,2016-10-10,Yes,Collision,,780.5312870,508.800000
CS93971,9462560389,RP8522271,2017-02-19,No,Scratch/Dent,,297.1919417,218.374041
CT18212,3884690123,BW0809814,2016-01-07,Yes,Hail,,784.0165778,1008.000000
CT18212,5724986459,DB4882190,2017-12-01,No,Collision,,379.9746262,489.600000
CT18212,642190268,FN9638938,2017-06-23,No,Other,,3522.7299120,710.400000
CT41158,6180921650,KM4401409,2017-10-06,No,Other,,1486.2760110,393.600000
CT41158,8183912193,NU0089983,2016-03-24,No,Hail,,1074.7030940,639.464548
CT41158,1911820359,VY6513558,2016-05-30,No,Scratch/Dent,,837.6332294,75.330276
CT83377,609563781,DN0121496,2017-09-17,No,Scratch/Dent,,1130.8471780,316.800000
CT83377,8868678136,FT6113656,2016-04-12,No,Other,,376.3637743,49.797016
CV72453,7889138565,VA2341180,2016-12-18,No,Collision,,451.2204391,900.000000
CW12066,5373067252,AR2972977,2017-11-05,Yes,Collision,,524.6278375,456.702735
CW12066,5375099433,AV1214329,2016-09-16,No,Hail,,503.9869278,275.577631
CW12066,3826269240,XZ3097154,2017-04-28,No,Hail,,261.9478929,251.321448
CW27031,34384400,HA1409967,2017-12-26,No,Collision,,1302.1085300,1605.600000
CW27031,4407762622,VS3982279,2016-02-06,No,Other,,281.0671023,422.592370
CW27031,8507718948,VS3982279,2016-12-24,No,Collision,,1481.6951590,648.000000
CW35098,6754889856,OQ1920687,2017-12-26,No,Scratch/Dent,,905.1712161,327.723713
CW35098,9979583642,OQ1920687,2016-07-24,No,Other,,890.1468512,216.980413
CW35098,8305720274,UB5043550,2017-01-13,No,Collision,,518.2393447,336.132170
CW49887,2218593900,IO3075224,2016-01-07,Yes,Hail,,462.6801093,547.200000
CW49887,5458187810,KF3677243,2017-04-10,Yes,Collision,,235.9423599,352.394515
CB58476,702027410,MX5685190,2016-03-16,No,Collision,,788.7822020,470.400000
CB62406,1834375162,BO7594614,2018-02-08,No,Scratch/Dent,,1419.1596990,561.600000
CB62406,7085763550,QI6529683,2017-01-08,No,Collision,,216.0920387,439.001718
CB62406,2574707731,TI1526884,2016-05-31,No,Collision,,680.3596768,1129.929433
CB96381,9822421623,ER8735906,2018-03-28,No,Collision,,299.3117683,369.600000
CB96381,6133708250,QK1422260,2017-07-10,No,Collision,,523.0092742,202.961374
CB96381,5849901355,TA2898966,2016-12-13,No,Other,,1459.0245830,255.285875
CC15295,8516437168,AL3205622,2017-09-11,No,Scratch/Dent,,1555.0190770,268.676912
CU26127,6515538812,VM7605092,2017-06-04,No,Other,,862.5836992,355.200000
CU36986,873504140,XN6672242,2017-10-24,No,Collision,,551.7199137,180.340069
CU36986,6895803164,YY5901841,2017-01-15,No,Scratch/Dent,,1132.3355550,229.711908
CU36986,8488789594,ZH8449064,2016-05-29,No,Collision,,416.5166581,499.200000
CV24005,9166449614,OR6604092,2016-08-06,No,Hail,,259.9310879,467.503236
CV24005,2258025861,UZ0977066,2017-01-03,No,Collision,,770.6956035,350.400000
CV24005,9964640234,ZX6100188,2016-03-19,No,Other,,271.9853023,336.000000
CV29889,6126851337,IS2961186,2016-02-12,Yes,Collision,,239.3915369,425.266308
CV29889,4379750875,IZ3129662,2017-12-15,Yes,Hail,,247.1528431,114.273025
CV29889,7340397558,OK9377430,2016-01-21,Yes,Collision,,1040.8968650,523.815839
CV31235,6488421344,BQ0850778,2017-05-25,No,Hail,,604.5625114,31.668965
CV31235,283300773,IM1464245,2016-03-24,No,Hail,,318.4355246,255.999709
BD58297,1363037323,ZE7911878,2016-07-07,No,Collision,,610.2953572,856.347474
BD58297,7513996595,ZE7911878,2016-11-30,No,Scratch/Dent,,351.5456573,741.600000
BD77090,8467594001,KM6606454,2017-05-16,No,Hail,,763.3821822,445.702958
BD77090,1789186109,QW1890311,2016-02-19,Yes,Hail,,860.9158215,289.040734
BD77090,9145140018,UX6743616,2017-03-26,No,Other,,336.0443560,314.246507
BD89564,8638766515,CO6398866,2017-12-15,Yes,Collision,,1017.9717040,1300.800000
BD89564,7942391674,LA7810185,2016-07-02,Yes,Hail,,598.9773931,739.200000
BD89564,8932450649,SS1160429,2017-12-18,No,Collision,,377.1617797,685.227276
BE10809,7815689824,FJ2807351,2016-03-18,No,Collision,,752.1194691,499.200000
BE10809,9970241715,LY6776924,2016-01-05,Yes,Collision,,425.0282624,292.800000
BE10809,9182516436,SR9135073,2017-04-19,No,Collision,,387.1073807,528.000000
BE61743,2879889849,GM3940086,2016-01-31,No,Other,,249.3591571,30.984936
BK15048,9524466411,BH8559216,2016-01-11,No,Scratch/Dent,,442.8038374,628.801638
BK15048,4358531159,FZ8578729,2017-06-21,No,Collision,,2706.4463390,276.048405
BK59444,6424157600,FQ9285202,2016-09-15,No,Hail,,1892.9330600,152.184244
BK59444,4767110949,MQ0309428,2016-12-03,No,Collision,,473.2219556,292.800000
BK59444,5750376706,XP2601290,2017-12-17,No,Hail,,2355.4392000,444.530425
BK73302,2141868317,BU8749856,2016-09-23,No,Hail,,316.7888725,544.340079
BK73302,5881639018,JW5768003,2017-09-29,No,Hail,,794.9284260,475.200000
BK73302,7243678204,ML5578104,2017-12-09,No,Other,,487.8950256,400.294938
BL29046,5651327307,QJ2340589,2016-07-30,No,Other,,580.7659307,133.977857
BL29046,6689075571,QJ2340589,2017-12-26,No,Hail,,752.2068229,451.200000
BL29046,4958723851,SG9469328,2017-10-17,No,Collision,,751.6786075,850.593038
BL29240,6249273573,OU2036216,2016-03-20,No,Collision,,274.9189304,824.487259
BM69081,1967528821,NJ7345690,2017-09-23,No,Hail,,330.0607083,161.231812
BM69081,9060641939,QU0474963,2017-01-07,Yes,Collision,,559.7124960,667.200000
BM69818,3223087995,EQ7611327,2017-10-03,No,Collision,,2622.3811930,828.000000
BM69818,378813139,NW2529323,2017-09-08,No,Collision,,222.2865016,446.400000
BM69818,8954248608,WS0211612,2016-12-05,No,Collision,,584.1528134,379.200000
BM70908,3520382401,CS6544774,2017-07-31,No,Collision,,248.4747576,40.754246
BM70908,5746392992,KW3878086,2016-03-26,No,Collision,,225.5312942,297.600000
BM70908,216527245,OE2499960,2016-06-15,No,Collision,,1059.2587530,460.266881
BM83544,4097417515,BO0409140,2016-12-31,No,Collision,,449.0597249,307.200000
BM83544,8743512167,BO0409140,2018-03-07,No,Hail,,277.5671887,166.788380
BM83544,709188396,JC6905327,2017-07-23,No,Hail,,303.4771777,874.324338
BN14307,1183395291,ET2628815,2017-07-09,Yes,Hail,,838.2478392,791.878042
BQ12347,9271711639,KF3740101,2017-11-23,Yes,Hail,,264.7519741,300.056383
BQ12347,4295493704,UQ4198607,2017-03-28,No,Scratch/Dent,,536.5541610,461.841879
BQ12347,4120685265,WC4862563,2016-12-11,No,Scratch/Dent,,563.0793000,336.000000
BQ51587,9081395911,JR8829153,2016-10-04,No,Hail,,541.1953687,365.364581
BQ51587,7943761918,MU8051976,2017-03-11,No,Collision,,978.3628981,979.200000
BQ51587,6557088072,UL2001048,2016-05-11,No,Scratch/Dent,,496.9529102,297.600000
BQ94931,2147723329,IP2020796,2018-02-27,No,Collision,,478.5909313,199.238760
BQ94931,4141275623,IP2020796,2016-05-25,No,Collision,,234.2013810,321.600000
BQ94931,2745236488,SU9209602,2016-12-10,No,Hail,,738.8178085,425.527834
BQ94931,7178859750,XA9699045,2017-11-14,No,Hail,,500.0619360,316.800000
BR23201,6173604948,CV1382061,2017-02-06,No,Other,,646.2221990,312.000000
BR23201,1355292306,QP7133111,2017-12-03,No,Collision,,853.1401125,108.025547
BT30554,2587498882,UV9258380,2017-02-27,No,Collision,,848.1310791,275.608537
BT76268,9538820887,EJ5266925,2016-05-01,No,Hail,,587.8199296,355.200000
BT76268,1893097034,LL5434907,2017-09-29,No,Collision,,529.0666331,326.400000
BT76268,1044640094,QF5124693,2017-07-31,Yes,Collision,,1319.7928930,326.400000
BU14748,8178079823,KX7553971,2017-05-31,No,Hail,,550.5687336,162.557048
BU14748,913730201,LC6970832,2017-09-21,Yes,Hail,,856.4768226,178.006524
BU14748,8621270802,SM9510070,2016-01-19,No,Other,,361.8686938,436.800000
BU15334,4871278890,FJ4392649,2017-04-23,Yes,Hail,,2233.2439460,484.013411
BU15334,5364464693,IW8950500,2016-12-23,Yes,Hail,,417.0687348,513.600000
BU15334,5118977128,TL4551768,2017-02-15,No,Scratch/Dent,,1725.0747710,783.211084
BU17847,924953251,LB7413177,2016-02-26,No,Collision,,2012.3868540,504.000000
BU17847,9000215199,LB7413177,2017-12-11,No,Scratch/Dent,,538.4731816,748.774773
BU81591,5194139475,IY7727515,2016-12-25,Yes,Hail,,258.0849899,316.800000
BU81591,8760032710,IY7727515,2017-12-12,No,Collision,,242.4224662,85.683520
BU81591,6764193633,LB9996202,2017-03-02,No,Scratch/Dent,,487.3436612,604.800000
BV16459,3855194415,DC6799777,2016-02-12,No,Collision,,528.4312599,174.046849
BV16459,9077733765,JR1230921,2016-11-01,No,Collision,,537.7907960,183.602763
BV16459,3738046395,NI4339569,2017-12-16,No,Collision,,2185.0346270,912.000000
BV55014,4113336450,FS1023733,2016-12-14,No,Scratch/Dent,,249.8963061,297.600000
BV55014,2751394742,IQ3077931,2017-10-15,No,Collision,,492.7068115,751.927019
BV55014,2299001542,WX6318277,2016-07-21,No,Collision,,726.8736958,302.400000
BV79904,4538354498,JH9652627,2016-03-11,No,Collision,,795.6150059,136.883999
BV79904,9893189695,OO1307201,2017-07-25,No,Scratch/Dent,,742.9079194,549.692452
BV79904,2537277969,QI7932170,2017-01-06,No,Hail,,884.9689719,137.195447
BW80872,7802130462,XI9923069,2017-12-17,No,Hail,,328.8657500,1026.315988
BW88060,8197232918,BL4459801,2016-05-19,No,Collision,,878.3165364,806.400000
BW88060,9442868781,BU2978687,2017-01-25,No,Hail,,228.8763508,344.288189
BW88060,9476056056,EQ7483580,2017-03-31,No,Collision,,1870.8758310,554.400000
BW94308,793314567,JY5020546,2017-07-18,No,Collision,,1670.2699140,345.600000
BW94308,3800418507,OM9858737,2018-03-14,No,Other,,820.9924674,69.004181
BW94308,2858916559,PC5008749,2016-07-31,No,Scratch/Dent,,939.2557553,851.146266
BX94438,550000663,EJ2631206,2016-02-17,No,Other,,836.4559003,106.737787
BX94438,3818575740,FG9572877,2017-04-21,No,Hail,,358.7359906,446.400000
BX94438,2118247096,GA1070903,2016-04-09,No,Collision,,847.0036773,619.973889
BY22068,2858927875,BC9779679,2017-07-15,No,Collision,,1597.8910490,933.624655
BY22068,8075283020,NR1199462,2017-01-31,No,Scratch/Dent,,291.3475108,435.189747
CA70404,8142840374,RE2983140,2017-06-18,No,Hail,,490.9027487,292.800000
CA86085,1466025640,AA2401657,2017-12-09,No,Scratch/Dent,,491.1002585,98.331160
CA86085,4584045643,LE7671081,2016-01-28,No,Hail,,370.2631210,541.755353
CA86085,2739191008,MP9315274,2016-11-03,No,Hail,,560.8316348,345.600000
CA96230,8784800327,FK3103061,2016-04-16,No,Collision,,1615.2904890,852.460341
CA96230,2881997987,GT7423802,2017-01-29,No,Collision,,3686.0907980,878.400000
CA96230,3163024780,ZX3489615,2016-06-13,No,Scratch/Dent,,918.9518267,228.049424
CB44654,9489075339,GC5539811,2016-05-11,No,Collision,,240.9760898,167.138119
CB44654,3698271836,NS5984623,2017-05-27,No,Hail,,258.4824329,288.205261
CB44654,6436584509,PG4703645,2017-10-25,No,Collision,,966.1103686,648.000000
CB58476,3344181070,FP9958727,2016-01-29,No,Collision,,517.0811494,859.599411
CB58476,8178269548,JW5475905,2017-12-24,No,Collision,,1058.1275000,628.207511
CD88896,145281089,GQ2625892,2016-04-15,No,Other,,675.1782327,410.946167
CD88896,6626187002,IC0964132,2016-08-16,Yes,Hail,,251.4591960,156.124914
CD88896,9906531209,KF6010635,2017-09-21,No,Collision,,916.5721087,552.000000
CE12380,6581330284,CD4343234,2017-12-14,Yes,Collision,,249.1257604,329.206567
CE12380,8102241151,JN4651923,2016-12-17,No,Collision,,2009.0438650,252.149798
CE12380,4009535102,RE2413251,2017-10-08,No,Collision,,760.0034998,504.000000
CE21829,1756143233,PY6513310,2016-11-26,No,Collision,,1550.3723090,319.710124
CE21829,6474783547,PY6513310,2016-09-04,No,Collision,,461.7838205,554.957693
CE21829,5597219148,UB0686973,2017-12-19,No,Collision,,639.5351807,383.228397
CE56187,240927292,MF9409416,2016-01-20,Yes,Collision,,249.1317024,67.530904
CE56187,6663111382,PK3833591,2016-08-21,No,Hail,,436.3124641,286.234931
CE56187,8380289267,TI6664616,2017-04-22,No,Collision,,1089.2908250,436.800000
CH81088,2008748974,UG2311762,2016-01-18,Yes,Collision,,446.2997006,350.400000
CH85057,215196615,ES7817956,2017-11-14,Yes,Collision,,352.8044252,441.600000
CH85057,7778750729,MC8260421,2017-01-29,No,Scratch/Dent,,423.6842920,542.400000
