{"metadata":{"asset_id":"ab221553-9156-4181-bd59-9420cc265bf0","asset_attributes":["data_asset"],"name":"german_credit_data.csv","asset_type":"data_asset","created_at":"2020-09-16T11:07:29Z","description":"","origin_country":"us","owner_id":"1000331005","project_id":"8edf3108-b14f-422a-b76a-28204750eda3","sandbox_id":"8edf3108-b14f-422a-b76a-28204750eda3","size":874633,"tags":[],"usage":{"last_update_time":1600254450143,"last_updated_at":"2020-09-16T11:07:30Z"}},"entity":{"data_asset":{"mime_type":"text/csv","dataset":false}},"attachments":[{"id":"07db2f3c-cf90-4cb8-a2f1-4c3b066094e4","version":2,"asset_type":"data_asset","name":"german_credit_data.csv","mime":"text/csv","object_key":"data_asset/german_credit_data.csv","create_time":1600254449978,"size":874633,"is_remote":false,"is_managed":false,"is_referenced":true,"is_object_key_read_only":false,"is_user_provided_path_key":true,"transfer_complete":true,"is_partitioned":false,"complete_time_ticks":1600254449978,"user_data":{},"test_doc":0,"handle":{"key":"data_asset/german_credit_data.csv","upload_id":"done","max_part_num":1},"usage":{"access_count":0,"last_accessor_id":"icp4d-dev","last_access_time":1600254449978}}]}