{"metadata":{"asset_id":"a23df54b-7afa-48da-b8c9-7472493bc5fb","asset_attributes":["data_asset"],"name":"german_credit_data.csv","asset_type":"data_asset","created_at":"2020-05-28T18:33:04Z","description":"","origin_country":"us","owner_id":"1000331004","project_id":"5dbbac1d-e26b-4a5f-ae19-694e2b0f0dee","sandbox_id":"5dbbac1d-e26b-4a5f-ae19-694e2b0f0dee","size":874633,"tags":[],"usage":{"last_update_time":1590690785892,"last_updated_at":"2020-05-28T18:33:05Z"}},"entity":{"data_asset":{"mime_type":"text/csv","dataset":false}},"attachments":[{"id":"50208f1d-d376-4d37-b58c-aa5ff775b27b","version":2,"asset_type":"data_asset","name":"german_credit_data.csv","mime":"text/csv","object_key":"data_asset/german_credit_data.csv","create_time":1590690785804,"size":874633,"is_remote":false,"is_managed":false,"is_referenced":true,"is_object_key_read_only":false,"is_user_provided_path_key":true,"transfer_complete":true,"is_partitioned":false,"complete_time_ticks":1590690785804,"user_data":{},"test_doc":0,"handle":{"key":"data_asset/german_credit_data.csv","upload_id":"done","max_part_num":1},"usage":{"access_count":0,"last_accessor_id":"icp4d-dev","last_access_time":1590690785804}}]}