{"metadata":{"asset_id":"c4de8669-5d68-43ee-b138-2cc836f80fd4","asset_attributes":["data_asset"],"name":"german_credit_data_noid.csv","asset_type":"data_asset","created_at":"2020-08-03T12:35:27Z","description":"","origin_country":"us","owner_id":"1000331005","project_id":"cbccef32-f329-49d2-a818-6ad9f5891366","sandbox_id":"cbccef32-f329-49d2-a818-6ad9f5891366","size":694623,"tags":[],"usage":{"last_update_time":1596490708729,"last_updated_at":"2020-08-03T21:38:28Z"}},"entity":{"data_asset":{"mime_type":"text/csv","dataset":false}},"attachments":[{"id":"f06167a8-c7e8-4d22-85a0-c6ea2072f5c3","version":2,"asset_type":"data_asset","name":"german_credit_data_noid.csv","mime":"text/csv","object_key":"data_asset/german_credit_data_noid.csv","create_time":1596458127535,"size":694623,"is_remote":false,"is_managed":false,"is_referenced":true,"is_object_key_read_only":false,"is_user_provided_path_key":true,"transfer_complete":true,"is_partitioned":false,"complete_time_ticks":1596458127535,"user_data":{},"test_doc":0,"handle":{"key":"data_asset/german_credit_data_noid.csv","upload_id":"done","max_part_num":1},"usage":{"access_count":1,"last_accessor_id":"1000331005","last_access_time":1596490708726,"last_updater_id":"1000331005","last_update_time":1596490708726}}]}