{"metadata":{"asset_id":"f0bcf24c-72dd-4edc-8ddd-bbbb2c3fe12b","asset_attributes":["data_asset"],"name":"german_credit_data_noid.csv","asset_type":"data_asset","created_at":"2020-09-24T20:30:46Z","description":"","origin_country":"us","owner_id":"IBMid-310001TXTX","project_id":"f1fbb616-406b-4876-8b3b-a0c010d150db","size":694623,"tags":[],"usage":{"last_update_time":1600979448013,"last_updated_at":"2020-09-24T20:30:48Z"}},"entity":{"data_asset":{"mime_type":"text/csv","dataset":false}},"attachments":[{"id":"317c9662-a277-472a-80b9-9f2613a53abd","version":2,"asset_type":"data_asset","name":"german_credit_data_noid.csv","mime":"text/csv","datasource_type":"193a97c1-4475-4a19-b90c-295c4fdc6517","object_key":"german_credit_data_noid.csv","creator_id":"iam-ServiceId-f49c5558-c247-4983-a04f-7d3c7a3d55da","create_time":1600979447898,"size":694623,"is_remote":false,"is_managed":false,"is_referenced":true,"is_object_key_read_only":false,"is_user_provided_path_key":true,"transfer_complete":true,"is_partitioned":false,"complete_time_ticks":1600979447898,"user_data":{},"test_doc":0,"handle":{"bucket":"creditriskproject-donotdelete-pr-mah2blhakkw7b5","location":"us-geo","key":"german_credit_data_noid.csv","upload_id":"done","max_part_num":1},"usage":{"access_count":0,"last_accessor_id":"iam-ServiceId-f49c5558-c247-4983-a04f-7d3c7a3d55da","last_access_time":1600979447898}}]}
