{"metadata":{"asset_id":"7213259e-9cae-4a79-a4ba-af349b1de1f1","asset_attributes":["data_asset"],"name":"German-Credit-Risk-SmallBatchSet.csv","asset_type":"data_asset","created_at":"2021-03-25T16:10:12Z","description":"","origin_country":"us","owner_id":"1000331001","project_id":"ec5adad1-8f55-409e-8f5d-a84bc4fc7e74","size":2151,"tags":[],"usage":{"last_update_time":1616688612902,"last_updated_at":"2021-03-25T16:10:12Z"}},"entity":{"data_asset":{"mime_type":"text/csv","dataset":false}},"attachments":[{"id":"cecef886-2050-4261-8893-c4a06f776e70","version":2,"asset_type":"data_asset","name":"German-Credit-Risk-SmallBatchSet.csv","mime":"text/csv","datasource_type":"81bafdbd-b7c6-45c5-a4fd-6ec135f66f4e","object_key":"data_asset/German-Credit-Risk-SmallBatchSet.csv","creator_id":"icp4d-dev","create_time":1616688612624,"size":2151,"is_remote":false,"is_managed":false,"is_referenced":true,"is_object_key_read_only":false,"is_user_provided_path_key":true,"transfer_complete":true,"is_partitioned":false,"complete_time_ticks":1616688612624,"user_data":{},"test_doc":0,"handle":{"key":"data_asset/German-Credit-Risk-SmallBatchSet.csv","upload_id":"done","max_part_num":1},"usage":{"access_count":0,"last_accessor_id":"icp4d-dev","last_access_time":1616688612624}}]}