{"metadata":{"asset_id":"18b9ed08-f04a-416d-b2d7-cae238600999","asset_attributes":["data_asset"],"name":"german_credit_data_noid.csv","asset_type":"data_asset","created_at":"2020-05-29T02:39:07Z","description":"","origin_country":"us","owner_id":"1000331051","project_id":"a3d720ed-476d-4179-9873-1a7ab58305d5","sandbox_id":"a3d720ed-476d-4179-9873-1a7ab58305d5","size":694621,"tags":[],"usage":{"last_update_time":1590719949375,"last_updated_at":"2020-05-29T02:39:09Z"}},"entity":{"data_asset":{"mime_type":"text/csv","dataset":false}},"attachments":[{"id":"612ff95c-7157-446e-9024-0e29f9cc1571","version":2,"asset_type":"data_asset","name":"german_credit_data_noid.csv","mime":"text/csv","object_key":"data_asset/german_credit_data_noid.csv","create_time":1590719949262,"size":694621,"is_remote":false,"is_managed":false,"is_referenced":true,"is_object_key_read_only":false,"is_user_provided_path_key":true,"transfer_complete":true,"is_partitioned":false,"complete_time_ticks":1590719949262,"user_data":{},"test_doc":0,"handle":{"key":"data_asset/german_credit_data_noid.csv","upload_id":"done","max_part_num":1},"usage":{"access_count":0,"last_accessor_id":"icp4d-dev","last_access_time":1590719949262}}]}