{"metadata":{"asset_id":"a845ade9-96cb-415d-9878-dc01bccd5acb","asset_attributes":["data_asset"],"name":"german_credit_data.csv","asset_type":"data_asset","created_at":"2020-05-29T02:39:07Z","description":"","origin_country":"us","owner_id":"1000331051","project_id":"a3d720ed-476d-4179-9873-1a7ab58305d5","sandbox_id":"a3d720ed-476d-4179-9873-1a7ab58305d5","size":874633,"tags":[],"usage":{"last_update_time":1590719949600,"last_updated_at":"2020-05-29T02:39:09Z"}},"entity":{"data_asset":{"mime_type":"text/csv","dataset":false}},"attachments":[{"id":"5c0ed569-a8a0-4cd2-bacd-eaec8972f35e","version":2,"asset_type":"data_asset","name":"german_credit_data.csv","mime":"text/csv","object_key":"data_asset/german_credit_data.csv","create_time":1590719949393,"size":874633,"is_remote":false,"is_managed":false,"is_referenced":true,"is_object_key_read_only":false,"is_user_provided_path_key":true,"transfer_complete":true,"is_partitioned":false,"complete_time_ticks":1590719949393,"user_data":{},"test_doc":0,"handle":{"key":"data_asset/german_credit_data.csv","upload_id":"done","max_part_num":1},"usage":{"access_count":0,"last_accessor_id":"icp4d-dev","last_access_time":1590719949393}}]}