{"metadata":{"asset_id":"44c59a5d-6f5e-483c-88c5-99941a838865","asset_attributes":["data_asset"],"name":"German-Credit-Risk-SmallBatchSet.csv","asset_type":"data_asset","created_at":"2020-05-28T16:01:42Z","description":"","origin_country":"us","owner_id":"1000331064","project_id":"c509e6e5-dc3c-4a91-bc3d-6ddd68e09c50","sandbox_id":"c509e6e5-dc3c-4a91-bc3d-6ddd68e09c50","size":2149,"tags":[],"usage":{"last_update_time":1590681703298,"last_updated_at":"2020-05-28T16:01:43Z"}},"entity":{"data_asset":{"mime_type":"text/csv","dataset":false}},"attachments":[{"id":"4da7da94-c81e-4a58-97c7-ec508f035800","version":2,"asset_type":"data_asset","name":"German-Credit-Risk-SmallBatchSet.csv","mime":"text/csv","object_key":"data_asset/German-Credit-Risk-SmallBatchSet.csv","create_time":1590681703229,"size":2149,"is_remote":false,"is_managed":false,"is_referenced":true,"is_object_key_read_only":false,"is_user_provided_path_key":true,"transfer_complete":true,"is_partitioned":false,"complete_time_ticks":1590681703229,"user_data":{},"test_doc":0,"handle":{"key":"data_asset/German-Credit-Risk-SmallBatchSet.csv","upload_id":"done","max_part_num":1},"usage":{"access_count":0,"last_accessor_id":"icp4d-dev","last_access_time":1590681703229}}]}