{"metadata":{"asset_id":"0e13da60-4148-4761-829e-588bd1380fe7","asset_attributes":["data_asset"],"name":"german_credit_data_noid.csv","asset_type":"data_asset","created_at":"2021-03-08T03:30:00Z","description":"","origin_country":"us","owner_id":"1000331005","project_id":"58b63b8b-9872-40b1-8774-16c34cc52cba","size":694623,"tags":[],"usage":{"last_update_time":1615174200435,"last_updated_at":"2021-03-08T03:30:00Z"}},"entity":{"data_asset":{"mime_type":"text/csv","dataset":false}},"attachments":[{"id":"eaec14e0-f59e-4e86-97a2-c72c1cfa2831","version":2,"asset_type":"data_asset","name":"german_credit_data_noid.csv","mime":"text/csv","datasource_type":"81bafdbd-b7c6-45c5-a4fd-6ec135f66f4e","object_key":"data_asset/german_credit_data_noid.csv","creator_id":"icp4d-dev","create_time":1615174200314,"size":694623,"is_remote":false,"is_managed":false,"is_referenced":true,"is_object_key_read_only":false,"is_user_provided_path_key":true,"transfer_complete":true,"is_partitioned":false,"complete_time_ticks":1615174200314,"user_data":{},"test_doc":0,"handle":{"key":"data_asset/german_credit_data_noid.csv","upload_id":"done","max_part_num":1},"usage":{"access_count":0,"last_accessor_id":"icp4d-dev","last_access_time":1615174200314}}]}