{"metadata":{"asset_id":"38085beb-8b16-4c78-9650-aacf3890f8aa","asset_attributes":["data_asset"],"name":"german_credit_data_noid.csv","asset_type":"data_asset","created_at":"2020-05-28T16:01:42Z","description":"","origin_country":"us","owner_id":"1000331064","project_id":"c509e6e5-dc3c-4a91-bc3d-6ddd68e09c50","sandbox_id":"c509e6e5-dc3c-4a91-bc3d-6ddd68e09c50","size":694621,"tags":[],"usage":{"last_update_time":1590681703307,"last_updated_at":"2020-05-28T16:01:43Z"}},"entity":{"data_asset":{"mime_type":"text/csv","dataset":false}},"attachments":[{"id":"b43312f4-6671-4c9e-87b7-95231c74433d","version":2,"asset_type":"data_asset","name":"german_credit_data_noid.csv","mime":"text/csv","object_key":"data_asset/german_credit_data_noid.csv","create_time":1590681703234,"size":694621,"is_remote":false,"is_managed":false,"is_referenced":true,"is_object_key_read_only":false,"is_user_provided_path_key":true,"transfer_complete":true,"is_partitioned":false,"complete_time_ticks":1590681703234,"user_data":{},"test_doc":0,"handle":{"key":"data_asset/german_credit_data_noid.csv","upload_id":"done","max_part_num":1},"usage":{"access_count":0,"last_accessor_id":"icp4d-dev","last_access_time":1590681703234}}]}