{"metadata":{"asset_id":"8e876735-fec5-479b-b506-89e3a92399d5","asset_attributes":["data_asset"],"name":"German-Credit-Risk-SmallBatchSet.csv","asset_type":"data_asset","created_at":"2020-05-21T17:01:54Z","description":"","origin_country":"us","owner_id":"1000331001","project_id":"14419398-8d6b-4657-bebb-ce59424df02c","sandbox_id":"14419398-8d6b-4657-bebb-ce59424df02c","size":2149,"tags":[],"usage":{"last_update_time":1590080516121,"last_updated_at":"2020-05-21T17:01:56Z"}},"entity":{"data_asset":{"mime_type":"text/csv","dataset":false}},"attachments":[{"id":"575bf784-a8a3-44ae-bdb9-a39479f23709","version":2,"asset_type":"data_asset","name":"German-Credit-Risk-SmallBatchSet.csv","mime":"text/csv","object_key":"data_asset/German-Credit-Risk-SmallBatchSet.csv","create_time":1590080516021,"size":2149,"is_remote":false,"is_managed":false,"is_referenced":true,"is_object_key_read_only":false,"is_user_provided_path_key":true,"transfer_complete":true,"is_partitioned":false,"complete_time_ticks":1590080516021,"user_data":{},"test_doc":0,"handle":{"key":"data_asset/German-Credit-Risk-SmallBatchSet.csv","upload_id":"done","max_part_num":1},"usage":{"access_count":0,"last_accessor_id":"icp4d-dev","last_access_time":1590080516021}}]}