{"metadata":{"asset_id":"ec233ee8-cdeb-4a7e-a7c0-4225842ff91b","asset_attributes":["data_asset"],"name":"german_credit_data.csv","asset_type":"data_asset","created_at":"2020-11-16T13:45:00Z","description":"","origin_country":"us","owner_id":"1000331001","project_id":"51a75bda-c72a-499d-a8fa-fbdb23b4a1ba","size":874633,"tags":[],"usage":{"last_update_time":1605534300974,"last_updated_at":"2020-11-16T13:45:00Z"}},"entity":{"data_asset":{"mime_type":"text/csv","dataset":false}},"attachments":[{"id":"6a3e3b69-703b-471d-9e03-a58b76efa879","version":2,"asset_type":"data_asset","name":"german_credit_data.csv","mime":"text/csv","datasource_type":"81bafdbd-b7c6-45c5-a4fd-6ec135f66f4e","object_key":"data_asset/german_credit_data.csv","creator_id":"icp4d-dev","create_time":1605534300880,"size":874633,"is_remote":false,"is_managed":false,"is_referenced":true,"is_object_key_read_only":false,"is_user_provided_path_key":true,"transfer_complete":true,"is_partitioned":false,"complete_time_ticks":1605534300880,"user_data":{},"test_doc":0,"handle":{"key":"data_asset/german_credit_data.csv","upload_id":"done","max_part_num":1},"usage":{"access_count":0,"last_accessor_id":"icp4d-dev","last_access_time":1605534300880}}]}