{"metadata":{"asset_id":"6bad0677-d54a-4f1f-b6e1-1e1ac6ab25c6","asset_attributes":["data_asset"],"name":"german_credit_data_plus_personal.csv","asset_type":"data_asset","created_at":"2020-09-24T15:44:34Z","description":"","origin_country":"us","owner_id":"IBMid-310001TXTX","project_id":"1c431f16-32fd-4e8a-a01c-fcfabd68e154","size":1284467,"tags":[],"usage":{"last_update_time":1600962275854,"last_updated_at":"2020-09-24T15:44:35Z"}},"entity":{"data_asset":{"mime_type":"text/csv","dataset":false}},"attachments":[{"id":"3e16a1a6-8fb5-4cd4-8ff1-b28664fb838b","version":2,"asset_type":"data_asset","name":"german_credit_data_plus_personal.csv","mime":"text/csv","datasource_type":"193a97c1-4475-4a19-b90c-295c4fdc6517","object_key":"german_credit_data_plus_personal.csv","creator_id":"IBMid-310001TXTX","create_time":1600962275853,"size":1284467,"is_remote":false,"is_managed":false,"is_referenced":true,"is_object_key_read_only":true,"is_user_provided_path_key":true,"transfer_complete":true,"is_partitioned":false,"complete_time_ticks":1600962275853,"user_data":{},"test_doc":0,"handle":{"bucket":"creditriskproject2zip-donotdelete-pr-6hizw8pnq03ao9","location":"us-geo","key":"german_credit_data_plus_personal.csv","upload_id":"done","max_part_num":1},"usage":{"access_count":0,"last_accessor_id":"IBMid-310001TXTX","last_access_time":1600962275853}}]}
