{"metadata":{"asset_id":"e318e889-0402-41f7-afe6-f4e5ef0926ba","asset_attributes":["data_asset"],"name":"german_credit_data.csv","asset_type":"data_asset","created_at":"2020-05-19T15:16:35Z","description":"","origin_country":"us","owner_id":"1000331004","project_id":"a84c106f-a263-461d-9fee-3dc90d8be775","sandbox_id":"a84c106f-a263-461d-9fee-3dc90d8be775","size":874633,"tags":[],"usage":{"last_update_time":1589901395586,"last_updated_at":"2020-05-19T15:16:35Z"}},"entity":{"data_asset":{"mime_type":"text/csv","dataset":false}},"attachments":[{"id":"74d50fe5-3eb3-4a4a-bf43-eefa2070bd70","version":2,"asset_type":"data_asset","name":"german_credit_data.csv","mime":"text/csv","object_key":"data_asset/german_credit_data.csv","create_time":1589901395585,"size":874633,"is_remote":false,"is_managed":false,"is_referenced":true,"is_object_key_read_only":true,"is_user_provided_path_key":true,"transfer_complete":true,"is_partitioned":false,"complete_time_ticks":1589901395585,"user_data":{},"test_doc":0,"handle":{"key":"data_asset/german_credit_data.csv","upload_id":"done","max_part_num":1},"usage":{"access_count":0,"last_accessor_id":"1000331004","last_access_time":1589901395585}}]}