{"metadata":{"asset_id":"e9772e00-c275-446b-8fdf-99e9d65f4db3","asset_attributes":["data_asset"],"name":"German-Credit-Risk-SmallBatchSet.csv","asset_type":"data_asset","created_at":"2020-09-24T20:30:47Z","description":"","origin_country":"us","owner_id":"IBMid-310001TXTX","project_id":"f1fbb616-406b-4876-8b3b-a0c010d150db","size":2136,"tags":[],"usage":{"last_update_time":1600979447739,"last_updated_at":"2020-09-24T20:30:47Z"}},"entity":{"data_asset":{"mime_type":"text/csv","dataset":false}},"attachments":[{"id":"a710db58-ffa1-40fc-a15e-03af38282e5b","version":2,"asset_type":"data_asset","name":"German-Credit-Risk-SmallBatchSet.csv","mime":"text/csv","datasource_type":"193a97c1-4475-4a19-b90c-295c4fdc6517","object_key":"German-Credit-Risk-SmallBatchSet.csv","creator_id":"iam-ServiceId-f49c5558-c247-4983-a04f-7d3c7a3d55da","create_time":1600979447616,"size":2136,"is_remote":false,"is_managed":false,"is_referenced":true,"is_object_key_read_only":false,"is_user_provided_path_key":true,"transfer_complete":true,"is_partitioned":false,"complete_time_ticks":1600979447616,"user_data":{},"test_doc":0,"handle":{"bucket":"creditriskproject-donotdelete-pr-mah2blhakkw7b5","location":"us-geo","key":"German-Credit-Risk-SmallBatchSet.csv","upload_id":"done","max_part_num":1},"usage":{"access_count":0,"last_accessor_id":"iam-ServiceId-f49c5558-c247-4983-a04f-7d3c7a3d55da","last_access_time":1600979447616}}]}
