{"metadata":{"asset_id":"b033de8a-3f24-4248-b00d-0204055fb998","asset_attributes":["data_asset"],"name":"german_credit_data_noid.csv","asset_type":"data_asset","created_at":"2020-09-24T15:42:06Z","description":"","origin_country":"us","owner_id":"IBMid-310001TXTX","project_id":"1c431f16-32fd-4e8a-a01c-fcfabd68e154","size":694623,"tags":[],"usage":{"last_update_time":1600962127933,"last_updated_at":"2020-09-24T15:42:07Z"}},"entity":{"data_asset":{"mime_type":"text/csv","dataset":false}},"attachments":[{"id":"aca33ba6-893c-4189-be9f-e354a8cbfda1","version":2,"asset_type":"data_asset","name":"german_credit_data_noid.csv","mime":"text/csv","datasource_type":"193a97c1-4475-4a19-b90c-295c4fdc6517","object_key":"german_credit_data_noid.csv","creator_id":"iam-ServiceId-f49c5558-c247-4983-a04f-7d3c7a3d55da","create_time":1600962127806,"size":694623,"is_remote":false,"is_managed":false,"is_referenced":true,"is_object_key_read_only":false,"is_user_provided_path_key":true,"transfer_complete":true,"is_partitioned":false,"complete_time_ticks":1600962127806,"user_data":{},"test_doc":0,"handle":{"bucket":"creditriskproject2zip-donotdelete-pr-6hizw8pnq03ao9","location":"us-geo","key":"german_credit_data_noid.csv","upload_id":"done","max_part_num":1},"usage":{"access_count":0,"last_accessor_id":"iam-ServiceId-f49c5558-c247-4983-a04f-7d3c7a3d55da","last_access_time":1600962127806}}]}
