{"metadata":{"asset_id":"e19d6e83-4140-40a4-bb7c-c43bd928754f","asset_attributes":["data_asset"],"name":"German-Credit-Risk-SmallBatchSet.csv","asset_type":"data_asset","created_at":"2021-04-15T02:33:22Z","description":"","origin_country":"us","owner_id":"1000330999","project_id":"76e25821-fc84-452c-9534-eab33fdc5366","size":2151,"tags":[],"usage":{"last_update_time":1618454002636,"last_updated_at":"2021-04-15T02:33:22Z"}},"entity":{"data_asset":{"mime_type":"text/csv","dataset":false}},"attachments":[{"id":"d2134b04-2c8e-42f7-85b1-facb103eac1a","version":2,"asset_type":"data_asset","name":"German-Credit-Risk-SmallBatchSet.csv","mime":"text/csv","datasource_type":"81bafdbd-b7c6-45c5-a4fd-6ec135f66f4e","object_key":"data_asset/German-Credit-Risk-SmallBatchSet.csv","creator_id":"icp4d-dev","create_time":1618454002431,"size":2151,"is_remote":false,"is_managed":false,"is_referenced":true,"is_object_key_read_only":false,"is_user_provided_path_key":true,"transfer_complete":true,"is_partitioned":false,"complete_time_ticks":1618454002431,"user_data":{},"test_doc":0,"handle":{"key":"data_asset/German-Credit-Risk-SmallBatchSet.csv","upload_id":"done","max_part_num":1},"usage":{"access_count":0,"last_accessor_id":"icp4d-dev","last_access_time":1618454002431}}]}