{"metadata":{"asset_id":"94f3b430-8f02-4c63-aa15-250f18d2b549","asset_attributes":["data_asset"],"name":"german_credit_data_plus_personal.csv","asset_type":"data_asset","created_at":"2020-10-20T18:16:23Z","description":"","origin_country":"us","owner_id":"IBMid-060000B8AS","project_id":"bee6f0ae-e703-4b18-bde8-a2155ad23c28","size":1284467,"tags":[],"usage":{"last_update_time":1603217784906,"last_updated_at":"2020-10-20T18:16:24Z"}},"entity":{"data_asset":{"mime_type":"text/csv","dataset":false}},"attachments":[{"id":"ac771f6c-0956-48f5-9588-fc38326a1d74","version":2,"asset_type":"data_asset","name":"german_credit_data_plus_personal.csv","mime":"text/csv","datasource_type":"193a97c1-4475-4a19-b90c-295c4fdc6517","object_key":"german_credit_data_plus_personal.csv","creator_id":"iam-ServiceId-f49c5558-c247-4983-a04f-7d3c7a3d55da","create_time":1603217784774,"size":1284467,"is_remote":false,"is_managed":false,"is_referenced":true,"is_object_key_read_only":false,"is_user_provided_path_key":true,"transfer_complete":true,"is_partitioned":false,"complete_time_ticks":1603217784774,"user_data":{},"test_doc":0,"handle":{"bucket":"creditrisk-donotdelete-pr-cqvzaatn2tqdmv","location":"us-geo","key":"german_credit_data_plus_personal.csv","upload_id":"done","max_part_num":1},"usage":{"access_count":0,"last_accessor_id":"iam-ServiceId-f49c5558-c247-4983-a04f-7d3c7a3d55da","last_access_time":1603217784774}}]}
