{"metadata":{"asset_id":"e77742ee-aefd-4923-90b9-7434725eee76","asset_attributes":["data_asset"],"name":"german_credit_data_noid.csv","asset_type":"data_asset","created_at":"2020-05-19T15:16:35Z","description":"","origin_country":"us","owner_id":"1000331004","project_id":"a84c106f-a263-461d-9fee-3dc90d8be775","sandbox_id":"a84c106f-a263-461d-9fee-3dc90d8be775","size":694621,"tags":[],"usage":{"last_update_time":1589901396069,"last_updated_at":"2020-05-19T15:16:36Z"}},"entity":{"data_asset":{"mime_type":"text/csv","dataset":false}},"attachments":[{"id":"d4421600-b4f8-4e8d-bdb5-49849b5c4c85","version":2,"asset_type":"data_asset","name":"german_credit_data_noid.csv","mime":"text/csv","object_key":"data_asset/german_credit_data_noid.csv","create_time":1589901396068,"size":694621,"is_remote":false,"is_managed":false,"is_referenced":true,"is_object_key_read_only":true,"is_user_provided_path_key":true,"transfer_complete":true,"is_partitioned":false,"complete_time_ticks":1589901396068,"user_data":{},"test_doc":0,"handle":{"key":"data_asset/german_credit_data_noid.csv","upload_id":"done","max_part_num":1},"usage":{"access_count":0,"last_accessor_id":"1000331004","last_access_time":1589901396068}}]}