{"metadata":{"asset_id":"1ebdcfef-cf93-4e42-83ea-d4df5d0e902a","asset_attributes":["data_asset"],"name":"german_credit_data.csv","asset_type":"data_asset","created_at":"2020-10-14T03:47:01Z","description":"","origin_country":"us","owner_id":"IBMid-060000B8AS","project_id":"e2089314-2f5a-4147-8c84-4f679423f3d0","size":874633,"tags":[],"usage":{"last_update_time":1602647221963,"last_updated_at":"2020-10-14T03:47:01Z"}},"entity":{"data_asset":{"mime_type":"text/csv","dataset":false}},"attachments":[{"id":"bcb5c9b5-55b6-4ee5-a830-486dbdb1018b","version":2,"asset_type":"data_asset","name":"german_credit_data.csv","mime":"text/csv","datasource_type":"193a97c1-4475-4a19-b90c-295c4fdc6517","object_key":"german_credit_data.csv","creator_id":"iam-ServiceId-f49c5558-c247-4983-a04f-7d3c7a3d55da","create_time":1602647221781,"size":874633,"is_remote":false,"is_managed":false,"is_referenced":true,"is_object_key_read_only":false,"is_user_provided_path_key":true,"transfer_complete":true,"is_partitioned":false,"complete_time_ticks":1602647221781,"user_data":{},"test_doc":0,"handle":{"bucket":"creditriskproject-donotdelete-pr-atqrxmoe8zw0sw","location":"us-geo","key":"german_credit_data.csv","upload_id":"done","max_part_num":1},"usage":{"access_count":0,"last_accessor_id":"iam-ServiceId-f49c5558-c247-4983-a04f-7d3c7a3d55da","last_access_time":1602647221781}}]}
