{"metadata":{"asset_id":"18e68e46-da3b-4bcb-a72a-4ac1a17b87c8","asset_attributes":["data_asset"],"name":"German-Credit-Risk-SmallBatchSet.csv","asset_type":"data_asset","created_at":"2020-11-09T20:10:17Z","description":"","origin_country":"us","owner_id":"IBMid-060000GRS6","project_id":"5a5d4f35-4b9d-4cb9-bf75-c8030f9d9fcd","size":2136,"tags":[],"usage":{"last_update_time":1604952618494,"last_updated_at":"2020-11-09T20:10:18Z"}},"entity":{"data_asset":{"mime_type":"text/csv","dataset":false}},"attachments":[{"id":"629efb42-6ae7-48bd-85e4-ccfb5f246b83","version":2,"asset_type":"data_asset","name":"German-Credit-Risk-SmallBatchSet.csv","mime":"text/csv","datasource_type":"193a97c1-4475-4a19-b90c-295c4fdc6517","object_key":"German-Credit-Risk-SmallBatchSet.csv","creator_id":"iam-ServiceId-f49c5558-c247-4983-a04f-7d3c7a3d55da","create_time":1604952618360,"size":2136,"is_remote":false,"is_managed":false,"is_referenced":true,"is_object_key_read_only":false,"is_user_provided_path_key":true,"transfer_complete":true,"is_partitioned":false,"complete_time_ticks":1604952618360,"user_data":{},"test_doc":0,"handle":{"bucket":"creditriskproject-donotdelete-pr-uab2kseaosevxa","location":"us-geo","key":"German-Credit-Risk-SmallBatchSet.csv","upload_id":"done","max_part_num":1},"usage":{"access_count":0,"last_accessor_id":"iam-ServiceId-f49c5558-c247-4983-a04f-7d3c7a3d55da","last_access_time":1604952618360}}]}
