{"metadata":{"asset_id":"569a24aa-2abe-42fc-8e79-19f20ccbc921","asset_attributes":["data_asset"],"name":"german_credit_data.csv","asset_type":"data_asset","created_at":"2020-08-03T12:35:27Z","description":"","origin_country":"us","owner_id":"1000331005","project_id":"cbccef32-f329-49d2-a818-6ad9f5891366","sandbox_id":"cbccef32-f329-49d2-a818-6ad9f5891366","size":874633,"tags":[],"usage":{"last_update_time":1596458457277,"last_updated_at":"2020-08-03T12:40:57Z"}},"entity":{"data_asset":{"mime_type":"text/csv","dataset":false}},"attachments":[{"id":"a0b243d4-db62-4175-a197-dc58eb6a8daa","version":2,"asset_type":"data_asset","name":"german_credit_data.csv","mime":"text/csv","object_key":"data_asset/german_credit_data.csv","create_time":1596458127563,"size":874633,"is_remote":false,"is_managed":false,"is_referenced":true,"is_object_key_read_only":false,"is_user_provided_path_key":true,"transfer_complete":true,"is_partitioned":false,"complete_time_ticks":1596458127563,"user_data":{},"test_doc":0,"handle":{"key":"data_asset/german_credit_data.csv","upload_id":"done","max_part_num":1},"usage":{"access_count":1,"last_accessor_id":"1000331005","last_access_time":1596458457275,"last_updater_id":"1000331005","last_update_time":1596458457275}}]}