{"metadata":{"asset_id":"11941da4-705a-4444-a00f-daa3e149fb18","asset_attributes":["data_asset"],"name":"german_credit_data_noid.csv","asset_type":"data_asset","created_at":"2020-05-28T18:33:04Z","description":"","origin_country":"us","owner_id":"1000331004","project_id":"5dbbac1d-e26b-4a5f-ae19-694e2b0f0dee","sandbox_id":"5dbbac1d-e26b-4a5f-ae19-694e2b0f0dee","size":694621,"tags":[],"usage":{"last_update_time":1590690785896,"last_updated_at":"2020-05-28T18:33:05Z"}},"entity":{"data_asset":{"mime_type":"text/csv","dataset":false}},"attachments":[{"id":"b0f6206f-31ee-417a-a642-70bd3252eb35","version":2,"asset_type":"data_asset","name":"german_credit_data_noid.csv","mime":"text/csv","object_key":"data_asset/german_credit_data_noid.csv","create_time":1590690785791,"size":694621,"is_remote":false,"is_managed":false,"is_referenced":true,"is_object_key_read_only":false,"is_user_provided_path_key":true,"transfer_complete":true,"is_partitioned":false,"complete_time_ticks":1590690785791,"user_data":{},"test_doc":0,"handle":{"key":"data_asset/german_credit_data_noid.csv","upload_id":"done","max_part_num":1},"usage":{"access_count":0,"last_accessor_id":"icp4d-dev","last_access_time":1590690785791}}]}