{"metadata":{"asset_id":"99a27db0-0a96-4ccb-9216-a37f2e63e7cb","asset_attributes":["data_asset"],"name":"German-Credit-Risk-SmallBatchSet.csv","asset_type":"data_asset","created_at":"2020-05-26T13:39:23Z","description":"","origin_country":"us","owner_id":"1000331004","project_id":"87bb4cea-b6c0-4c64-8280-43bd026bff9f","sandbox_id":"87bb4cea-b6c0-4c64-8280-43bd026bff9f","size":2149,"tags":[],"usage":{"last_update_time":1590500365170,"last_updated_at":"2020-05-26T13:39:25Z"}},"entity":{"data_asset":{"mime_type":"text/csv","dataset":false}},"attachments":[{"id":"f5c12695-fbeb-40bc-95cd-8c6c1812a391","version":2,"asset_type":"data_asset","name":"German-Credit-Risk-SmallBatchSet.csv","mime":"text/csv","object_key":"data_asset/German-Credit-Risk-SmallBatchSet.csv","create_time":1590500365076,"size":2149,"is_remote":false,"is_managed":false,"is_referenced":true,"is_object_key_read_only":false,"is_user_provided_path_key":true,"transfer_complete":true,"is_partitioned":false,"complete_time_ticks":1590500365076,"user_data":{},"test_doc":0,"handle":{"key":"data_asset/German-Credit-Risk-SmallBatchSet.csv","upload_id":"done","max_part_num":1},"usage":{"access_count":0,"last_accessor_id":"icp4d-dev","last_access_time":1590500365076}}]}