{"metadata":{"asset_id":"aac23fe3-9d2a-4ffa-b4d9-649db91d709b","asset_attributes":["data_asset"],"name":"german_credit_data_noid.csv","asset_type":"data_asset","created_at":"2020-11-16T13:45:00Z","description":"","origin_country":"us","owner_id":"1000331001","project_id":"51a75bda-c72a-499d-a8fa-fbdb23b4a1ba","size":694623,"tags":[],"usage":{"last_update_time":1605534300979,"last_updated_at":"2020-11-16T13:45:00Z"}},"entity":{"data_asset":{"mime_type":"text/csv","dataset":false}},"attachments":[{"id":"e9d658aa-9a46-4fa3-880e-bd605e096860","version":2,"asset_type":"data_asset","name":"german_credit_data_noid.csv","mime":"text/csv","datasource_type":"81bafdbd-b7c6-45c5-a4fd-6ec135f66f4e","object_key":"data_asset/german_credit_data_noid.csv","creator_id":"icp4d-dev","create_time":1605534300863,"size":694623,"is_remote":false,"is_managed":false,"is_referenced":true,"is_object_key_read_only":false,"is_user_provided_path_key":true,"transfer_complete":true,"is_partitioned":false,"complete_time_ticks":1605534300863,"user_data":{},"test_doc":0,"handle":{"key":"data_asset/german_credit_data_noid.csv","upload_id":"done","max_part_num":1},"usage":{"access_count":0,"last_accessor_id":"icp4d-dev","last_access_time":1605534300863}}]}