{"metadata":{"asset_id":"aa2d1835-202c-4564-b6cc-c91c2d6ec052","asset_attributes":["data_asset"],"name":"german_credit_data_noid.csv","asset_type":"data_asset","created_at":"2020-11-10T17:20:01Z","description":"","origin_country":"us","owner_id":"IBMid-060000B8AS","project_id":"2a9b5776-78ce-4841-a09a-c33ce56f2093","size":694623,"tags":[],"usage":{"last_update_time":1605028802010,"last_updated_at":"2020-11-10T17:20:02Z"}},"entity":{"data_asset":{"mime_type":"text/csv","dataset":false}},"attachments":[{"id":"463db6d4-3718-4bad-b02c-c38ab24c2fe3","version":2,"asset_type":"data_asset","name":"german_credit_data_noid.csv","mime":"text/csv","datasource_type":"193a97c1-4475-4a19-b90c-295c4fdc6517","object_key":"german_credit_data_noid.csv","creator_id":"iam-ServiceId-f49c5558-c247-4983-a04f-7d3c7a3d55da","create_time":1605028801874,"size":694623,"is_remote":false,"is_managed":false,"is_referenced":true,"is_object_key_read_only":false,"is_user_provided_path_key":true,"transfer_complete":true,"is_partitioned":false,"complete_time_ticks":1605028801874,"user_data":{},"test_doc":0,"handle":{"bucket":"creditriskproject-donotdelete-pr-o8ftoqlpkmdwbg","location":"us-geo","key":"german_credit_data_noid.csv","upload_id":"done","max_part_num":1},"usage":{"access_count":0,"last_accessor_id":"iam-ServiceId-f49c5558-c247-4983-a04f-7d3c7a3d55da","last_access_time":1605028801874}}]}
