{"metadata":{"asset_id":"544676df-b2ca-4dba-8f61-74f5ad03cf4a","asset_attributes":["data_asset"],"name":"German-Credit-Risk-SmallBatchSet.csv","asset_type":"data_asset","created_at":"2020-05-20T20:15:41Z","description":"","origin_country":"us","owner_id":"1000331004","project_id":"a84c106f-a263-461d-9fee-3dc90d8be775","sandbox_id":"a84c106f-a263-461d-9fee-3dc90d8be775","size":2149,"tags":[],"usage":{"last_update_time":1590005742066,"last_updated_at":"2020-05-20T20:15:42Z"}},"entity":{"data_asset":{"mime_type":"text/csv","dataset":false}},"attachments":[{"id":"93fddf21-5988-42fa-bb2c-91492c80a30d","version":2,"asset_type":"data_asset","name":"German-Credit-Risk-SmallBatchSet.csv","mime":"text/csv","object_key":"data_asset/German-Credit-Risk-SmallBatchSet.csv","create_time":1590005742065,"size":2149,"is_remote":false,"is_managed":false,"is_referenced":true,"is_object_key_read_only":true,"is_user_provided_path_key":true,"transfer_complete":true,"is_partitioned":false,"complete_time_ticks":1590005742065,"user_data":{},"test_doc":0,"handle":{"key":"data_asset/German-Credit-Risk-SmallBatchSet.csv","upload_id":"done","max_part_num":1},"usage":{"access_count":0,"last_accessor_id":"1000331004","last_access_time":1590005742065}}]}