{"metadata":{"asset_id":"0b4feef4-52ce-4f36-a751-4c4ef64bc367","asset_attributes":["data_asset"],"name":"german_credit_data_noid.csv","asset_type":"data_asset","created_at":"2020-05-26T13:39:23Z","description":"","origin_country":"us","owner_id":"1000331004","project_id":"87bb4cea-b6c0-4c64-8280-43bd026bff9f","sandbox_id":"87bb4cea-b6c0-4c64-8280-43bd026bff9f","size":694621,"tags":[],"usage":{"last_update_time":1590500365181,"last_updated_at":"2020-05-26T13:39:25Z"}},"entity":{"data_asset":{"mime_type":"text/csv","dataset":false}},"attachments":[{"id":"bad15841-991a-4d6f-83e4-5b58912d8802","version":2,"asset_type":"data_asset","name":"german_credit_data_noid.csv","mime":"text/csv","object_key":"data_asset/german_credit_data_noid.csv","create_time":1590500365081,"size":694621,"is_remote":false,"is_managed":false,"is_referenced":true,"is_object_key_read_only":false,"is_user_provided_path_key":true,"transfer_complete":true,"is_partitioned":false,"complete_time_ticks":1590500365081,"user_data":{},"test_doc":0,"handle":{"key":"data_asset/german_credit_data_noid.csv","upload_id":"done","max_part_num":1},"usage":{"access_count":0,"last_accessor_id":"icp4d-dev","last_access_time":1590500365081}}]}