{"metadata":{"asset_id":"f55a9f56-aa43-44d3-824d-47cf54d6b653","asset_attributes":["data_asset"],"name":"german_credit_data_noid.csv","asset_type":"data_asset","created_at":"2021-03-25T16:10:12Z","description":"","origin_country":"us","owner_id":"1000331001","project_id":"ec5adad1-8f55-409e-8f5d-a84bc4fc7e74","size":694623,"tags":[],"usage":{"last_update_time":1616688613184,"last_updated_at":"2021-03-25T16:10:13Z"}},"entity":{"data_asset":{"mime_type":"text/csv","dataset":false}},"attachments":[{"id":"e10e8034-5712-4afd-b898-8c5ffe079d7a","version":2,"asset_type":"data_asset","name":"german_credit_data_noid.csv","mime":"text/csv","datasource_type":"81bafdbd-b7c6-45c5-a4fd-6ec135f66f4e","object_key":"data_asset/german_credit_data_noid.csv","creator_id":"icp4d-dev","create_time":1616688612822,"size":694623,"is_remote":false,"is_managed":false,"is_referenced":true,"is_object_key_read_only":false,"is_user_provided_path_key":true,"transfer_complete":true,"is_partitioned":false,"complete_time_ticks":1616688612822,"user_data":{},"test_doc":0,"handle":{"key":"data_asset/german_credit_data_noid.csv","upload_id":"done","max_part_num":1},"usage":{"access_count":0,"last_accessor_id":"icp4d-dev","last_access_time":1616688612822}}]}