{"metadata":{"asset_id":"a9db754d-32ca-4462-8130-0c59fbad87d0","asset_attributes":["data_asset"],"name":"german_credit_data.csv","asset_type":"data_asset","created_at":"2020-09-18T20:19:43Z","description":"","origin_country":"us","owner_id":"IBMid-310001TXTX","project_id":"7801ae03-a92f-4cfe-b4ad-e00b95d211a0","size":874633,"tags":[],"usage":{"last_update_time":1600460384243,"last_updated_at":"2020-09-18T20:19:44Z"}},"entity":{"data_asset":{"mime_type":"text/csv","dataset":false}},"attachments":[{"id":"25030d00-5d8d-4d15-bdd9-933ee224b656","version":2,"asset_type":"data_asset","name":"german_credit_data.csv","mime":"text/csv","datasource_type":"193a97c1-4475-4a19-b90c-295c4fdc6517","object_key":"german_credit_data.csv","creator_id":"iam-ServiceId-f49c5558-c247-4983-a04f-7d3c7a3d55da","create_time":1600460384131,"size":874633,"is_remote":false,"is_managed":false,"is_referenced":true,"is_object_key_read_only":false,"is_user_provided_path_key":true,"transfer_complete":true,"is_partitioned":false,"complete_time_ticks":1600460384131,"user_data":{},"test_doc":0,"handle":{"bucket":"creditriskproject-donotdelete-pr-a2lqhjvxclpxed","location":"us-geo","key":"german_credit_data.csv","upload_id":"done","max_part_num":1},"usage":{"access_count":0,"last_accessor_id":"iam-ServiceId-f49c5558-c247-4983-a04f-7d3c7a3d55da","last_access_time":1600460384131}}]}
