{"metadata":{"asset_id":"459135b5-d8e8-437c-aea0-489442789240","asset_attributes":["data_asset"],"name":"german_credit_data.csv","asset_type":"data_asset","created_at":"2021-04-15T02:33:22Z","description":"","origin_country":"us","owner_id":"1000330999","project_id":"76e25821-fc84-452c-9534-eab33fdc5366","size":874633,"tags":[],"usage":{"last_update_time":1618454002892,"last_updated_at":"2021-04-15T02:33:22Z"}},"entity":{"data_asset":{"mime_type":"text/csv","dataset":false}},"attachments":[{"id":"46e4141e-82e3-4d90-8969-fa31cf242ab7","version":2,"asset_type":"data_asset","name":"german_credit_data.csv","mime":"text/csv","datasource_type":"81bafdbd-b7c6-45c5-a4fd-6ec135f66f4e","object_key":"data_asset/german_credit_data.csv","creator_id":"icp4d-dev","create_time":1618454002750,"size":874633,"is_remote":false,"is_managed":false,"is_referenced":true,"is_object_key_read_only":false,"is_user_provided_path_key":true,"transfer_complete":true,"is_partitioned":false,"complete_time_ticks":1618454002750,"user_data":{},"test_doc":0,"handle":{"key":"data_asset/german_credit_data.csv","upload_id":"done","max_part_num":1},"usage":{"access_count":0,"last_accessor_id":"icp4d-dev","last_access_time":1618454002750}}]}