{"metadata":{"asset_id":"a41f01e8-c613-40a4-a2cb-9255dc0b5770","asset_attributes":["data_asset"],"name":"german_credit_data_plus_personal.csv","asset_type":"data_asset","created_at":"2020-11-09T20:10:17Z","description":"","origin_country":"us","owner_id":"IBMid-060000GRS6","project_id":"5a5d4f35-4b9d-4cb9-bf75-c8030f9d9fcd","size":1284467,"tags":[],"usage":{"last_update_time":1604952617816,"last_updated_at":"2020-11-09T20:10:17Z"}},"entity":{"data_asset":{"mime_type":"text/csv","dataset":false}},"attachments":[{"id":"a8c91cc2-0f2e-474c-b4fd-e3f39b8754d9","version":2,"asset_type":"data_asset","name":"german_credit_data_plus_personal.csv","mime":"text/csv","datasource_type":"193a97c1-4475-4a19-b90c-295c4fdc6517","object_key":"german_credit_data_plus_personal.csv","creator_id":"iam-ServiceId-f49c5558-c247-4983-a04f-7d3c7a3d55da","create_time":1604952617675,"size":1284467,"is_remote":false,"is_managed":false,"is_referenced":true,"is_object_key_read_only":false,"is_user_provided_path_key":true,"transfer_complete":true,"is_partitioned":false,"complete_time_ticks":1604952617675,"user_data":{},"test_doc":0,"handle":{"bucket":"creditriskproject-donotdelete-pr-uab2kseaosevxa","location":"us-geo","key":"german_credit_data_plus_personal.csv","upload_id":"done","max_part_num":1},"usage":{"access_count":0,"last_accessor_id":"iam-ServiceId-f49c5558-c247-4983-a04f-7d3c7a3d55da","last_access_time":1604952617675}}]}
