{"metadata":{"asset_id":"c47223c9-7659-4bb6-a872-aa1f9164a6ad","asset_attributes":["data_asset"],"name":"german_credit_data_plus_personal.csv","asset_type":"data_asset","created_at":"2020-11-10T17:20:01Z","description":"","origin_country":"us","owner_id":"IBMid-060000B8AS","project_id":"2a9b5776-78ce-4841-a09a-c33ce56f2093","size":1284467,"tags":[],"usage":{"last_update_time":1605028802326,"last_updated_at":"2020-11-10T17:20:02Z"}},"entity":{"data_asset":{"mime_type":"text/csv","dataset":false}},"attachments":[{"id":"27766c59-0116-4ae9-9a8d-f63dfefef3a9","version":2,"asset_type":"data_asset","name":"german_credit_data_plus_personal.csv","mime":"text/csv","datasource_type":"193a97c1-4475-4a19-b90c-295c4fdc6517","object_key":"german_credit_data_plus_personal.csv","creator_id":"iam-ServiceId-f49c5558-c247-4983-a04f-7d3c7a3d55da","create_time":1605028802095,"size":1284467,"is_remote":false,"is_managed":false,"is_referenced":true,"is_object_key_read_only":false,"is_user_provided_path_key":true,"transfer_complete":true,"is_partitioned":false,"complete_time_ticks":1605028802095,"user_data":{},"test_doc":0,"handle":{"bucket":"creditriskproject-donotdelete-pr-o8ftoqlpkmdwbg","location":"us-geo","key":"german_credit_data_plus_personal.csv","upload_id":"done","max_part_num":1},"usage":{"access_count":0,"last_accessor_id":"iam-ServiceId-f49c5558-c247-4983-a04f-7d3c7a3d55da","last_access_time":1605028802095}}]}
