{"metadata":{"asset_id":"237798fa-eb0a-47bb-82ce-597fe0504897","asset_attributes":["notebook"],"name":"machinelearning-creditrisk-batchscoring","asset_type":"notebook","created_at":"2020-08-14T19:20:56Z","description":"","origin_country":"us","owner_id":"1000331005","project_id":"6b398bda-86ae-4e45-8c14-c3b7885d8897","sandbox_id":"6b398bda-86ae-4e45-8c14-c3b7885d8897","size":9238,"tags":["notebook"],"usage":{"last_update_time":1597432857149,"last_updated_at":"2020-08-14T19:20:57Z"}},"entity":{"notebook":{"kernel":{"name":"python3","display_name":"Python 3.6","language":"python"},"originates_from":{"type":"file"},"runtime":{"environment":"jupconda36-6b398bda-86ae-4e45-8c14-c3b7885d8897"}}},"attachments":[{"id":"f6792ff3-e432-4268-8998-5edf34facd5d","version":2,"asset_type":"notebook","name":"attachment for notebook 237798fa-eb0a-47bb-82ce-597fe0504897","description":"attachment for notebook 237798fa-eb0a-47bb-82ce-597fe0504897","mime":"application/json","object_key":"notebook/machinelearning-creditrisk-batchscoring_hoKPB8iUY.ipynb","create_time":1597432856989,"size":9238,"is_remote":false,"is_managed":false,"is_referenced":true,"is_object_key_read_only":false,"is_user_provided_path_key":true,"transfer_complete":true,"is_partitioned":false,"complete_time_ticks":1597432856989,"user_data":{},"test_doc":0,"handle":{"key":"notebook/machinelearning-creditrisk-batchscoring_hoKPB8iUY.ipynb","upload_id":"done","max_part_num":1},"usage":{"access_count":0,"last_accessor_id":"icp4d-dev","last_access_time":1597432856989}}]}