{"metadata":{"asset_id":"a83276ad-f5ab-494b-a5e3-a037d174d533","asset_attributes":["notebook"],"name":"openscale-quality-feedback","asset_type":"notebook","created_at":"2021-03-25T16:10:13Z","description":"","origin_country":"us","owner_id":"icp4d-dev","project_id":"ec5adad1-8f55-409e-8f5d-a84bc4fc7e74","size":10584,"tags":["notebook"],"usage":{"last_update_time":1616688614046,"last_updated_at":"2021-03-25T16:10:14Z"}},"entity":{"notebook":{"kernel":{"name":"python3","display_name":"Python 3.6","language":"python"},"originates_from":{"type":"file"},"runtime":{"environment":"jupconda37-ec5adad1-8f55-409e-8f5d-a84bc4fc7e74"}}},"attachments":[{"id":"41ebf64c-1279-4e2e-a8d8-e37eaf7843cb","version":2,"asset_type":"notebook","name":"attachment for notebook a83276ad-f5ab-494b-a5e3-a037d174d533","description":"attachment for notebook a83276ad-f5ab-494b-a5e3-a037d174d533","mime":"application/json","datasource_type":"81bafdbd-b7c6-45c5-a4fd-6ec135f66f4e","object_key":"notebook/openscale-quality-feedback_2Y9T0s9R_.ipynb","creator_id":"1000331001","create_time":1616688614045,"size":10584,"is_remote":false,"is_managed":false,"is_referenced":true,"is_object_key_read_only":false,"is_user_provided_path_key":true,"transfer_complete":true,"is_partitioned":false,"complete_time_ticks":1616688614045,"user_data":{},"test_doc":0,"handle":{"key":"notebook/openscale-quality-feedback_2Y9T0s9R_.ipynb","upload_id":"done","max_part_num":1},"usage":{"access_count":0,"last_accessor_id":"1000331001","last_access_time":1616688614045}}]}