{"metadata":{"asset_id":"f8edb278-262d-4529-9fe5-63d250eda23d","asset_attributes":["notebook"],"name":"openscale-quality-feedback","asset_type":"notebook","created_at":"2020-09-24T20:30:48Z","description":"","origin_country":"us","owner_id":"IBMid-310001TXTX","project_id":"f1fbb616-406b-4876-8b3b-a0c010d150db","size":9928,"tags":["notebook"],"usage":{"last_update_time":1600979449448,"last_updated_at":"2020-09-24T20:30:49Z"}},"entity":{"notebook":{"kernel":{"name":"python3","display_name":"Python 3.6","language":"python"},"originates_from":{"type":"file"},"runtime":{"environment":"conda2py36-f1fbb616-406b-4876-8b3b-a0c010d150db"}}},"attachments":[{"id":"4e3ef40a-f4f1-485d-ac14-e2e6ee1dcae3","version":2,"asset_type":"notebook","name":"attachment for notebook f8edb278-262d-4529-9fe5-63d250eda23d","description":"attachment for notebook f8edb278-262d-4529-9fe5-63d250eda23d","mime":"application/json","datasource_type":"193a97c1-4475-4a19-b90c-295c4fdc6517","object_key":"notebook/openscale-quality-feedback_0e0EweTux.ipynb","creator_id":"iam-ServiceId-9e68bc5f-c5f6-4f6f-8bcf-e57f47b9d1b1","create_time":1600979449211,"size":9928,"is_remote":false,"is_managed":false,"is_referenced":true,"is_object_key_read_only":false,"is_user_provided_path_key":true,"transfer_complete":true,"is_partitioned":false,"complete_time_ticks":1600979449211,"user_data":{},"test_doc":0,"handle":{"bucket":"creditriskproject-donotdelete-pr-mah2blhakkw7b5","location":"us-geo","key":"notebook/openscale-quality-feedback_0e0EweTux.ipynb","upload_id":"done","max_part_num":1},"usage":{"access_count":0,"last_accessor_id":"iam-ServiceId-9e68bc5f-c5f6-4f6f-8bcf-e57f47b9d1b1","last_access_time":1600979449211}}]}
