{"metadata":{"asset_id":"20253a1e-8723-49fe-be1f-995626892cdd","asset_attributes":["notebook"],"name":"machinelearning-creditrisk-sparkmlmodel","asset_type":"notebook","created_at":"2020-05-29T02:39:10Z","description":"","origin_country":"us","owner_id":"1000331051","project_id":"a3d720ed-476d-4179-9873-1a7ab58305d5","sandbox_id":"a3d720ed-476d-4179-9873-1a7ab58305d5","size":22947,"tags":["notebook"],"usage":{"last_update_time":1590720883824,"last_updated_at":"2020-05-29T02:54:43Z"}},"entity":{"notebook":{"kernel":{"name":"python3","display_name":"Python 3.6","language":"python"},"originates_from":{"type":"file"},"runtime":{"environment":"jupconda36-a3d720ed-476d-4179-9873-1a7ab58305d5"}}},"attachments":[{"id":"a1e3a604-55ca-4fd6-ad21-ff14b4c46945","version":2,"asset_type":"notebook","name":"attachment for notebook 20253a1e-8723-49fe-be1f-995626892cdd","description":"attachment for notebook 20253a1e-8723-49fe-be1f-995626892cdd","mime":"application/json","object_key":"notebook/machinelearning-creditrisk-sparkmlmodel_D2iMV6uiv.ipynb","create_time":1590719950254,"size":22947,"is_remote":false,"is_managed":false,"is_referenced":true,"is_object_key_read_only":false,"is_user_provided_path_key":true,"transfer_complete":true,"is_partitioned":false,"complete_time_ticks":1590719950254,"user_data":{},"test_doc":0,"handle":{"key":"notebook/machinelearning-creditrisk-sparkmlmodel_D2iMV6uiv.ipynb","upload_id":"done","max_part_num":1},"usage":{"access_count":0,"last_accessor_id":"icp4d-dev","last_access_time":1590719950254}}]}