{"metadata":{"asset_id":"5c4f9d5e-4d66-43bc-bb3a-27d028b3cced","asset_attributes":["notebook"],"name":"openscale-historic-data","asset_type":"notebook","created_at":"2020-11-16T13:45:01Z","description":"","origin_country":"us","owner_id":"1000331001","project_id":"51a75bda-c72a-499d-a8fa-fbdb23b4a1ba","size":22201,"tags":["notebook"],"usage":{"last_update_time":1605580459422,"last_updated_at":"2020-11-17T02:34:19Z"}},"entity":{"notebook":{"kernel":{"name":"python3","display_name":"Python 3.6","language":"python"},"originates_from":{"type":"file"},"runtime":{"environment":"jupconda36-51a75bda-c72a-499d-a8fa-fbdb23b4a1ba"}}},"attachments":[{"id":"45395831-f4d1-473f-8639-3d9e35b087c2","version":2,"asset_type":"notebook","name":"attachment for notebook 5c4f9d5e-4d66-43bc-bb3a-27d028b3cced","description":"attachment for notebook 5c4f9d5e-4d66-43bc-bb3a-27d028b3cced","mime":"application/json","datasource_type":"81bafdbd-b7c6-45c5-a4fd-6ec135f66f4e","object_key":"notebook/openscale-historic-data_lrJTxhnnV.ipynb","creator_id":"icp4d-dev","create_time":1605534301508,"size":22201,"is_remote":false,"is_managed":false,"is_referenced":true,"is_object_key_read_only":false,"is_user_provided_path_key":true,"transfer_complete":true,"is_partitioned":false,"complete_time_ticks":1605534301508,"user_data":{},"test_doc":0,"handle":{"key":"notebook/openscale-historic-data_lrJTxhnnV.ipynb","upload_id":"done","max_part_num":1},"usage":{"access_count":0,"last_accessor_id":"icp4d-dev","last_access_time":1605534301508}}]}