{"metadata":{"asset_id":"f61593d3-6d8e-4f27-895a-5e265d1c68d4","asset_attributes":["notebook"],"name":"openscale-full-configuration","asset_type":"notebook","created_at":"2021-03-24T21:15:02Z","description":"","origin_country":"us","owner_id":"1000331001","project_id":"da4aadf9-f56c-4152-a7e1-fc9352a73c01","size":76899,"tags":["notebook"],"usage":{"last_update_time":1616620558484,"last_updated_at":"2021-03-24T21:15:58Z"}},"entity":{"notebook":{"kernel":{"name":"python3","display_name":"Python 3.7","language":"python"},"originates_from":{"type":"file"},"runtime":{"environment":"jupconda37-da4aadf9-f56c-4152-a7e1-fc9352a73c01"}}},"attachments":[{"id":"62c01135-91ba-4521-b6d3-29e687d71345","version":2,"asset_type":"notebook","name":"attachment for notebook f61593d3-6d8e-4f27-895a-5e265d1c68d4","description":"attachment for notebook f61593d3-6d8e-4f27-895a-5e265d1c68d4","mime":"application/json","datasource_type":"81bafdbd-b7c6-45c5-a4fd-6ec135f66f4e","object_key":"notebook/openscale-full-configuration_83CUIUwiE.ipynb","creator_id":"1000331001","create_time":1616620502687,"size":76899,"is_remote":false,"is_managed":false,"is_referenced":true,"is_object_key_read_only":false,"is_user_provided_path_key":true,"transfer_complete":true,"is_partitioned":false,"complete_time_ticks":1616620502687,"user_data":{},"test_doc":0,"handle":{"key":"notebook/openscale-full-configuration_83CUIUwiE.ipynb","upload_id":"done","max_part_num":1},"usage":{"access_count":0,"last_accessor_id":"1000331001","last_access_time":1616620502687}}]}