{"metadata":{"asset_id":"36b45386-3c32-4b30-a5f3-729c8e5d493f","asset_attributes":["notebook"],"name":"openscale-full-configuration","asset_type":"notebook","created_at":"2020-09-17T18:58:27Z","description":"","origin_country":"us","owner_id":"IBMid-506JGHKBHJ","project_id":"00668c28-b918-4102-b330-35248b3d5311","size":56552,"tags":["notebook"],"usage":{"last_update_time":1600369139276,"last_updated_at":"2020-09-17T18:58:59Z"}},"entity":{"notebook":{"kernel":{"name":"python3","display_name":"Python 3.6","language":"python"},"originates_from":{"type":"file"},"runtime":{"environment":"conda2py36-00668c28-b918-4102-b330-35248b3d5311"}}},"attachments":[{"id":"959eda53-2462-4003-b2c9-be0958883820","version":2,"asset_type":"notebook","name":"attachment for notebook 36b45386-3c32-4b30-a5f3-729c8e5d493f","description":"attachment for notebook 36b45386-3c32-4b30-a5f3-729c8e5d493f","mime":"application/json","datasource_type":"193a97c1-4475-4a19-b90c-295c4fdc6517","object_key":"notebook/openscale-full-configuration_5xSXz3WMO.ipynb","creator_id":"IBMid-506JGHKBHJ","create_time":1600369108739,"size":56552,"is_remote":false,"is_managed":false,"is_referenced":true,"is_object_key_read_only":false,"is_user_provided_path_key":true,"transfer_complete":true,"is_partitioned":false,"complete_time_ticks":1600369108739,"user_data":{},"test_doc":0,"handle":{"bucket":"creditriskproject-donotdelete-pr-fybeovmk3jc2n1","location":"us-geo","key":"notebook/openscale-full-configuration_5xSXz3WMO.ipynb","upload_id":"done","max_part_num":1},"usage":{"access_count":0,"last_accessor_id":"IBMid-506JGHKBHJ","last_access_time":1600369108739}}]}
