{"metadata":{"asset_id":"36ee596a-6919-4540-bb60-cb2287da8a4b","asset_attributes":["notebook"],"name":"machinelearning-creditrisk-batchscoring","asset_type":"notebook","created_at":"2020-09-10T13:33:44Z","description":"","origin_country":"us","owner_id":"1000331006","project_id":"b3223144-2e05-422e-a305-3ff9e4d27d6f","sandbox_id":"b3223144-2e05-422e-a305-3ff9e4d27d6f","size":9238,"tags":["notebook"],"usage":{"last_update_time":1599744824585,"last_updated_at":"2020-09-10T13:33:44Z"}},"entity":{"notebook":{"kernel":{"name":"python3","display_name":"Python 3.6","language":"python"},"originates_from":{"type":"file"},"runtime":{"environment":"jupconda36-b3223144-2e05-422e-a305-3ff9e4d27d6f"}}},"attachments":[{"id":"382bc93e-6821-471f-9137-9d182de194c0","version":2,"asset_type":"notebook","name":"attachment for notebook 36ee596a-6919-4540-bb60-cb2287da8a4b","description":"attachment for notebook 36ee596a-6919-4540-bb60-cb2287da8a4b","mime":"application/json","object_key":"notebook/machinelearning-creditrisk-batchscoring_hoKPB8iUY.ipynb","create_time":1599744824400,"size":9238,"is_remote":false,"is_managed":false,"is_referenced":true,"is_object_key_read_only":false,"is_user_provided_path_key":true,"transfer_complete":true,"is_partitioned":false,"complete_time_ticks":1599744824400,"user_data":{},"test_doc":0,"handle":{"key":"notebook/machinelearning-creditrisk-batchscoring_hoKPB8iUY.ipynb","upload_id":"done","max_part_num":1},"usage":{"access_count":0,"last_accessor_id":"icp4d-dev","last_access_time":1599744824400}}]}