{"metadata":{"asset_id":"56f2aaed-1c9e-436e-a573-8a46727addde","asset_attributes":["notebook"],"name":"openscale-drift-config","asset_type":"notebook","created_at":"2020-09-10T13:33:44Z","description":"","origin_country":"us","owner_id":"1000331006","project_id":"b3223144-2e05-422e-a305-3ff9e4d27d6f","sandbox_id":"b3223144-2e05-422e-a305-3ff9e4d27d6f","size":18087,"tags":["notebook"],"usage":{"last_update_time":1599744824395,"last_updated_at":"2020-09-10T13:33:44Z"}},"entity":{"notebook":{"kernel":"","originates_from":{"type":"file"},"runtime":{"environment":"jupconda36-b3223144-2e05-422e-a305-3ff9e4d27d6f"}}},"attachments":[{"id":"cf75d3c0-5a8a-419f-872f-44a747045fb5","version":2,"asset_type":"notebook","name":"attachment for notebook 56f2aaed-1c9e-436e-a573-8a46727addde","description":"attachment for notebook 56f2aaed-1c9e-436e-a573-8a46727addde","mime":"application/json","object_key":"notebook/openscale-drift-config_NYLolTHn5.ipynb","create_time":1599744824280,"size":18087,"is_remote":false,"is_managed":false,"is_referenced":true,"is_object_key_read_only":false,"is_user_provided_path_key":true,"transfer_complete":true,"is_partitioned":false,"complete_time_ticks":1599744824280,"user_data":{},"test_doc":0,"handle":{"key":"notebook/openscale-drift-config_NYLolTHn5.ipynb","upload_id":"done","max_part_num":1},"usage":{"access_count":0,"last_accessor_id":"icp4d-dev","last_access_time":1599744824280}}]}