{"metadata":{"asset_id":"06001714-ed69-4816-9958-87b1b9ae28ac","asset_attributes":["notebook"],"name":"openscale-fairness-explainability","asset_type":"notebook","created_at":"2020-10-14T03:47:02Z","description":"","origin_country":"us","owner_id":"IBMid-060000B8AS","project_id":"e2089314-2f5a-4147-8c84-4f679423f3d0","size":13713,"tags":["notebook"],"usage":{"last_update_time":1602647223809,"last_updated_at":"2020-10-14T03:47:03Z"}},"entity":{"notebook":{"kernel":{"name":"python3","display_name":"Python 3.6","language":"python"},"originates_from":{"type":"file"},"runtime":{"environment":"conda2py36-e2089314-2f5a-4147-8c84-4f679423f3d0"}}},"attachments":[{"id":"a5715ae5-af9d-469f-a9f0-47a8739798bc","version":2,"asset_type":"notebook","name":"attachment for notebook 06001714-ed69-4816-9958-87b1b9ae28ac","description":"attachment for notebook 06001714-ed69-4816-9958-87b1b9ae28ac","mime":"application/json","datasource_type":"193a97c1-4475-4a19-b90c-295c4fdc6517","object_key":"notebook/openscale-fairness-explainability_whKpZu8Lw.ipynb","creator_id":"iam-ServiceId-9e68bc5f-c5f6-4f6f-8bcf-e57f47b9d1b1","create_time":1602647223560,"size":13713,"is_remote":false,"is_managed":false,"is_referenced":true,"is_object_key_read_only":false,"is_user_provided_path_key":true,"transfer_complete":true,"is_partitioned":false,"complete_time_ticks":1602647223560,"user_data":{},"test_doc":0,"handle":{"bucket":"creditriskproject-donotdelete-pr-atqrxmoe8zw0sw","location":"us-geo","key":"notebook/openscale-fairness-explainability_whKpZu8Lw.ipynb","upload_id":"done","max_part_num":1},"usage":{"access_count":0,"last_accessor_id":"iam-ServiceId-9e68bc5f-c5f6-4f6f-8bcf-e57f47b9d1b1","last_access_time":1602647223560}}]}
