{"metadata":{"asset_id":"ac9d72eb-dfe7-4b4b-8b4d-9c7507411c0a","asset_attributes":["notebook"],"name":"machinelearning-creditrisk-batchscoring","asset_type":"notebook","created_at":"2021-03-08T03:30:00Z","description":"","origin_country":"us","owner_id":"icp4d-dev","project_id":"58b63b8b-9872-40b1-8774-16c34cc52cba","size":9238,"tags":["notebook"],"usage":{"last_update_time":1615174201020,"last_updated_at":"2021-03-08T03:30:01Z"}},"entity":{"notebook":{"kernel":{"name":"python3","display_name":"Python 3.6","language":"python"},"originates_from":{"type":"file"},"runtime":{"environment":"jupconda36-58b63b8b-9872-40b1-8774-16c34cc52cba"}}},"attachments":[{"id":"4bf3c4a0-3603-4693-aa76-2544646c4a93","version":2,"asset_type":"notebook","name":"attachment for notebook ac9d72eb-dfe7-4b4b-8b4d-9c7507411c0a","description":"attachment for notebook ac9d72eb-dfe7-4b4b-8b4d-9c7507411c0a","mime":"application/json","datasource_type":"81bafdbd-b7c6-45c5-a4fd-6ec135f66f4e","object_key":"notebook/machinelearning-creditrisk-batchscoring_hoKPB8iUY.ipynb","creator_id":"1000331005","create_time":1615174201019,"size":9238,"is_remote":false,"is_managed":false,"is_referenced":true,"is_object_key_read_only":false,"is_user_provided_path_key":true,"transfer_complete":true,"is_partitioned":false,"complete_time_ticks":1615174201019,"user_data":{},"test_doc":0,"handle":{"key":"notebook/machinelearning-creditrisk-batchscoring_hoKPB8iUY.ipynb","upload_id":"done","max_part_num":1},"usage":{"access_count":0,"last_accessor_id":"1000331005","last_access_time":1615174201019}}]}