{"metadata":{"asset_id":"47c59867-d53e-4656-b47d-cd58374701e0","asset_attributes":["notebook"],"name":"openscale-initial-setup","asset_type":"notebook","created_at":"2020-09-16T11:07:30Z","description":"","origin_country":"us","owner_id":"1000331005","project_id":"8edf3108-b14f-422a-b76a-28204750eda3","sandbox_id":"8edf3108-b14f-422a-b76a-28204750eda3","size":16129,"tags":["notebook"],"usage":{"last_update_time":1600254451097,"last_updated_at":"2020-09-16T11:07:31Z"}},"entity":{"notebook":{"kernel":{"name":"python3","display_name":"Python 3.6","language":"python"},"originates_from":{"type":"file"},"runtime":{"environment":"jupconda36-8edf3108-b14f-422a-b76a-28204750eda3"}}},"attachments":[{"id":"31c7b81a-08d7-4720-aa20-771118ff22c8","version":2,"asset_type":"notebook","name":"attachment for notebook 47c59867-d53e-4656-b47d-cd58374701e0","description":"attachment for notebook 47c59867-d53e-4656-b47d-cd58374701e0","mime":"application/json","object_key":"notebook/openscale-initial-setup_aIBOsdJve.ipynb","create_time":1600254450914,"size":16129,"is_remote":false,"is_managed":false,"is_referenced":true,"is_object_key_read_only":false,"is_user_provided_path_key":true,"transfer_complete":true,"is_partitioned":false,"complete_time_ticks":1600254450914,"user_data":{},"test_doc":0,"handle":{"key":"notebook/openscale-initial-setup_aIBOsdJve.ipynb","upload_id":"done","max_part_num":1},"usage":{"access_count":0,"last_accessor_id":"icp4d-dev","last_access_time":1600254450914}}]}