{"metadata":{"asset_id":"a7d8c343-9bdd-4880-a519-bd55b396b764","asset_attributes":["notebook"],"name":"openscale-initial-setup","asset_type":"notebook","created_at":"2020-09-24T15:42:09Z","description":"","origin_country":"us","owner_id":"IBMid-310001TXTX","project_id":"1c431f16-32fd-4e8a-a01c-fcfabd68e154","size":15888,"tags":["notebook"],"usage":{"last_update_time":1600962130005,"last_updated_at":"2020-09-24T15:42:10Z"}},"entity":{"notebook":{"kernel":{"name":"python3","display_name":"Python 3.6","language":"python"},"originates_from":{"type":"file"},"runtime":{"environment":"conda2py36-1c431f16-32fd-4e8a-a01c-fcfabd68e154"}}},"attachments":[{"id":"5f339092-e27c-4779-989d-53691755bee9","version":2,"asset_type":"notebook","name":"attachment for notebook a7d8c343-9bdd-4880-a519-bd55b396b764","description":"attachment for notebook a7d8c343-9bdd-4880-a519-bd55b396b764","mime":"application/json","datasource_type":"193a97c1-4475-4a19-b90c-295c4fdc6517","object_key":"notebook/openscale-initial-setup_u3fbto1Iu.ipynb","creator_id":"iam-ServiceId-9e68bc5f-c5f6-4f6f-8bcf-e57f47b9d1b1","create_time":1600962129850,"size":15888,"is_remote":false,"is_managed":false,"is_referenced":true,"is_object_key_read_only":false,"is_user_provided_path_key":true,"transfer_complete":true,"is_partitioned":false,"complete_time_ticks":1600962129850,"user_data":{},"test_doc":0,"handle":{"bucket":"creditriskproject2zip-donotdelete-pr-6hizw8pnq03ao9","location":"us-geo","key":"notebook/openscale-initial-setup_u3fbto1Iu.ipynb","upload_id":"done","max_part_num":1},"usage":{"access_count":0,"last_accessor_id":"iam-ServiceId-9e68bc5f-c5f6-4f6f-8bcf-e57f47b9d1b1","last_access_time":1600962129850}}]}
