{"metadata":{"asset_id":"780f5f8d-654c-47ef-8cba-c93f93c18c42","asset_attributes":["notebook"],"name":"openscale-quality-feedback","asset_type":"notebook","created_at":"2021-04-15T02:33:23Z","description":"","origin_country":"us","owner_id":"icp4d-dev","project_id":"76e25821-fc84-452c-9534-eab33fdc5366","size":10584,"tags":["notebook"],"usage":{"last_update_time":1618454003633,"last_updated_at":"2021-04-15T02:33:23Z"}},"entity":{"notebook":{"kernel":{"name":"python3","display_name":"Python 3.6","language":"python"},"originates_from":{"type":"file"},"runtime":{"environment":"jupconda37-76e25821-fc84-452c-9534-eab33fdc5366"}}},"attachments":[{"id":"3ec9c847-91d1-4f6c-8ece-0a2dccccdb16","version":2,"asset_type":"notebook","name":"attachment for notebook 780f5f8d-654c-47ef-8cba-c93f93c18c42","description":"attachment for notebook 780f5f8d-654c-47ef-8cba-c93f93c18c42","mime":"application/json","datasource_type":"81bafdbd-b7c6-45c5-a4fd-6ec135f66f4e","object_key":"notebook/openscale-quality-feedback_2Y9T0s9R_.ipynb","creator_id":"1000330999","create_time":1618454003633,"size":10584,"is_remote":false,"is_managed":false,"is_referenced":true,"is_object_key_read_only":false,"is_user_provided_path_key":true,"transfer_complete":true,"is_partitioned":false,"complete_time_ticks":1618454003633,"user_data":{},"test_doc":0,"handle":{"key":"notebook/openscale-quality-feedback_2Y9T0s9R_.ipynb","upload_id":"done","max_part_num":1},"usage":{"access_count":0,"last_accessor_id":"1000330999","last_access_time":1618454003633}}]}