{"metadata":{"asset_id":"4cf0ad2a-ac36-451f-8df3-178c49be8658","asset_attributes":["notebook"],"name":"openscale-full-configuration","asset_type":"notebook","created_at":"2021-03-25T16:11:31Z","description":"latest from addNotebookData","origin_country":"us","owner_id":"1000331001","project_id":"ec5adad1-8f55-409e-8f5d-a84bc4fc7e74","size":77009,"tags":["notebook"],"usage":{"last_update_time":1616688692441,"last_updated_at":"2021-03-25T16:11:32Z"}},"entity":{"notebook":{"kernel":"","originates_from":{"type":"file"},"runtime":{"environment":"jupconda37-ec5adad1-8f55-409e-8f5d-a84bc4fc7e74"}}},"attachments":[{"id":"bb68065d-c857-4d71-a8b0-b8dc43de8a13","version":2,"asset_type":"notebook","name":"attachment for notebook 4cf0ad2a-ac36-451f-8df3-178c49be8658","description":"attachment for notebook 4cf0ad2a-ac36-451f-8df3-178c49be8658","mime":"application/json","datasource_type":"81bafdbd-b7c6-45c5-a4fd-6ec135f66f4e","object_key":"notebook/openscale-full-configuration_sKZkvEi7t.ipynb","creator_id":"1000331001","create_time":1616688692440,"size":77009,"is_remote":false,"is_managed":false,"is_referenced":true,"is_object_key_read_only":false,"is_user_provided_path_key":true,"transfer_complete":true,"is_partitioned":false,"complete_time_ticks":1616688692440,"user_data":{},"test_doc":0,"handle":{"key":"notebook/openscale-full-configuration_sKZkvEi7t.ipynb","upload_id":"done","max_part_num":1},"usage":{"access_count":0,"last_accessor_id":"1000331001","last_access_time":1616688692440}}]}