{"metadata":{"asset_id":"73678877-686d-4568-8dc2-f216494d3823","asset_attributes":["notebook"],"name":"openscale-full-configuration","asset_type":"notebook","created_at":"2020-10-14T03:47:02Z","description":"","origin_country":"us","owner_id":"IBMid-060000B8AS","project_id":"e2089314-2f5a-4147-8c84-4f679423f3d0","size":56107,"tags":["notebook"],"usage":{"last_update_time":1602647223718,"last_updated_at":"2020-10-14T03:47:03Z"}},"entity":{"notebook":{"kernel":{"name":"python3","display_name":"Python 3.6","language":"python"},"originates_from":{"type":"file"},"runtime":{"environment":"conda2py36-e2089314-2f5a-4147-8c84-4f679423f3d0"}}},"attachments":[{"id":"212707ee-21f3-41d8-81ed-4f5dd88cbf57","version":2,"asset_type":"notebook","name":"attachment for notebook 73678877-686d-4568-8dc2-f216494d3823","description":"attachment for notebook 73678877-686d-4568-8dc2-f216494d3823","mime":"application/json","datasource_type":"193a97c1-4475-4a19-b90c-295c4fdc6517","object_key":"notebook/openscale-full-configuration_5xSXz3WMO.ipynb","creator_id":"iam-ServiceId-9e68bc5f-c5f6-4f6f-8bcf-e57f47b9d1b1","create_time":1602647223483,"size":56107,"is_remote":false,"is_managed":false,"is_referenced":true,"is_object_key_read_only":false,"is_user_provided_path_key":true,"transfer_complete":true,"is_partitioned":false,"complete_time_ticks":1602647223483,"user_data":{},"test_doc":0,"handle":{"bucket":"creditriskproject-donotdelete-pr-atqrxmoe8zw0sw","location":"us-geo","key":"notebook/openscale-full-configuration_5xSXz3WMO.ipynb","upload_id":"done","max_part_num":1},"usage":{"access_count":0,"last_accessor_id":"iam-ServiceId-9e68bc5f-c5f6-4f6f-8bcf-e57f47b9d1b1","last_access_time":1602647223483}}]}
