{"metadata":{"asset_id":"4ef6a9a3-84ea-478c-92e4-5f05a15869d6","asset_attributes":["notebook"],"name":"openscale-fairness-explainability","asset_type":"notebook","created_at":"2020-09-10T13:33:44Z","description":"","origin_country":"us","owner_id":"1000331006","project_id":"b3223144-2e05-422e-a305-3ff9e4d27d6f","sandbox_id":"b3223144-2e05-422e-a305-3ff9e4d27d6f","size":13734,"tags":["notebook"],"usage":{"last_update_time":1599744824585,"last_updated_at":"2020-09-10T13:33:44Z"}},"entity":{"notebook":{"kernel":{"name":"python3","display_name":"Python 3.6","language":"python"},"originates_from":{"type":"file"},"runtime":{"environment":"jupconda36-b3223144-2e05-422e-a305-3ff9e4d27d6f"}}},"attachments":[{"id":"d7444c2d-8afa-4490-aa23-3e677ca78d64","version":2,"asset_type":"notebook","name":"attachment for notebook 4ef6a9a3-84ea-478c-92e4-5f05a15869d6","description":"attachment for notebook 4ef6a9a3-84ea-478c-92e4-5f05a15869d6","mime":"application/json","object_key":"notebook/openscale-fairness-explainability_KLVRF45An.ipynb","create_time":1599744824393,"size":13734,"is_remote":false,"is_managed":false,"is_referenced":true,"is_object_key_read_only":false,"is_user_provided_path_key":true,"transfer_complete":true,"is_partitioned":false,"complete_time_ticks":1599744824393,"user_data":{},"test_doc":0,"handle":{"key":"notebook/openscale-fairness-explainability_KLVRF45An.ipynb","upload_id":"done","max_part_num":1},"usage":{"access_count":0,"last_accessor_id":"icp4d-dev","last_access_time":1599744824393}}]}