{"metadata":{"asset_id":"af846194-ba77-4935-8701-0ea97f277b4e","asset_attributes":["notebook"],"name":"machinelearning-creditrisk-batchscoring","asset_type":"notebook","created_at":"2020-10-14T19:41:18Z","description":"","origin_country":"us","owner_id":"IBMid-060000B8AS","project_id":"e2089314-2f5a-4147-8c84-4f679423f3d0","size":11633,"tags":["notebook"],"usage":{"last_update_time":1602704516480,"last_updated_at":"2020-10-14T19:41:56Z"}},"entity":{"notebook":{"kernel":{"name":"python3","display_name":"Python 3.6","language":"python"},"originates_from":{"type":"file"},"runtime":{"environment":"conda2py36-e2089314-2f5a-4147-8c84-4f679423f3d0"}}},"attachments":[{"id":"52ee0281-452a-4903-be45-4c6968f34644","version":2,"asset_type":"notebook","name":"attachment for notebook af846194-ba77-4935-8701-0ea97f277b4e","description":"attachment for notebook af846194-ba77-4935-8701-0ea97f277b4e","mime":"application/json","datasource_type":"193a97c1-4475-4a19-b90c-295c4fdc6517","object_key":"notebook/machinelearning-creditrisk-batchscoring_vlYzgoSln.ipynb","creator_id":"IBMid-060000B8AS","create_time":1602704479604,"size":11633,"is_remote":false,"is_managed":false,"is_referenced":true,"is_object_key_read_only":false,"is_user_provided_path_key":true,"transfer_complete":true,"is_partitioned":false,"complete_time_ticks":1602704479604,"user_data":{},"test_doc":0,"handle":{"bucket":"creditriskproject-donotdelete-pr-atqrxmoe8zw0sw","location":"us-geo","key":"notebook/machinelearning-creditrisk-batchscoring_vlYzgoSln.ipynb","upload_id":"done","max_part_num":1},"usage":{"access_count":0,"last_accessor_id":"IBMid-060000B8AS","last_access_time":1602704479604}}]}
