{"metadata":{"asset_id":"48e12562-b583-4075-aebb-4bf30895146a","asset_attributes":["notebook"],"name":"openscale-full-configuration","asset_type":"notebook","created_at":"2020-10-20T18:28:10Z","description":"","origin_country":"us","owner_id":"IBMid-060000B8AS","project_id":"bee6f0ae-e703-4b18-bde8-a2155ad23c28","size":693542,"tags":["notebook"],"usage":{"last_update_time":1603296190199,"last_updated_at":"2020-10-21T16:03:10Z"}},"entity":{"notebook":{"kernel":{"name":"python3","display_name":"Python 3.7","language":"python"},"originates_from":{"type":"file"},"runtime":{"environment":"conda2py37-bee6f0ae-e703-4b18-bde8-a2155ad23c28"}}},"attachments":[{"id":"6aaf831f-48f1-4d60-8f29-c9921467e1a8","version":2,"asset_type":"notebook","name":"attachment for notebook 48e12562-b583-4075-aebb-4bf30895146a","description":"attachment for notebook 48e12562-b583-4075-aebb-4bf30895146a","mime":"application/json","datasource_type":"193a97c1-4475-4a19-b90c-295c4fdc6517","object_key":"notebook/openscale-full-configuration_3oRPT7TW0.ipynb","creator_id":"IBMid-060000B8AS","create_time":1603218492222,"size":693542,"is_remote":false,"is_managed":false,"is_referenced":true,"is_object_key_read_only":false,"is_user_provided_path_key":true,"transfer_complete":true,"is_partitioned":false,"complete_time_ticks":1603218492222,"user_data":{},"test_doc":0,"handle":{"bucket":"creditrisk-donotdelete-pr-cqvzaatn2tqdmv","location":"us-geo","key":"notebook/openscale-full-configuration_3oRPT7TW0.ipynb","upload_id":"done","max_part_num":1},"usage":{"access_count":0,"last_accessor_id":"IBMid-060000B8AS","last_access_time":1603218492222}}]}
