{"metadata":{"asset_id":"901b9dfe-80aa-49c7-bab5-4754cecaeb17","asset_attributes":["notebook"],"name":"machinelearning-creditrisk-batchscoring","asset_type":"notebook","created_at":"2021-03-18T15:06:36Z","description":"","origin_country":"us","owner_id":"icp4d-dev","project_id":"da4aadf9-f56c-4152-a7e1-fc9352a73c01","size":9238,"tags":["notebook"],"usage":{"last_update_time":1616079997170,"last_updated_at":"2021-03-18T15:06:37Z"}},"entity":{"notebook":{"kernel":{"name":"python3","display_name":"Python 3.6","language":"python"},"originates_from":{"type":"file"},"runtime":{"environment":"jupconda37-da4aadf9-f56c-4152-a7e1-fc9352a73c01"}}},"attachments":[{"id":"bd80609d-f64c-4091-b737-453c09a412e9","version":2,"asset_type":"notebook","name":"attachment for notebook 901b9dfe-80aa-49c7-bab5-4754cecaeb17","description":"attachment for notebook 901b9dfe-80aa-49c7-bab5-4754cecaeb17","mime":"application/json","datasource_type":"81bafdbd-b7c6-45c5-a4fd-6ec135f66f4e","object_key":"notebook/machinelearning-creditrisk-batchscoring_hoKPB8iUY.ipynb","creator_id":"1000331001","create_time":1616079997169,"size":9238,"is_remote":false,"is_managed":false,"is_referenced":true,"is_object_key_read_only":false,"is_user_provided_path_key":true,"transfer_complete":true,"is_partitioned":false,"complete_time_ticks":1616079997169,"user_data":{},"test_doc":0,"handle":{"key":"notebook/machinelearning-creditrisk-batchscoring_hoKPB8iUY.ipynb","upload_id":"done","max_part_num":1},"usage":{"access_count":0,"last_accessor_id":"1000331001","last_access_time":1616079997169}}]}