{"metadata":{"asset_id":"6374c2e4-e3d0-48d4-a721-bd015cd2101b","asset_attributes":["notebook"],"name":"openscale-initial-setup","asset_type":"notebook","created_at":"2020-08-03T19:30:41Z","description":"","origin_country":"us","owner_id":"1000331005","project_id":"cbccef32-f329-49d2-a818-6ad9f5891366","sandbox_id":"cbccef32-f329-49d2-a818-6ad9f5891366","size":15895,"tags":["notebook"],"usage":{"last_update_time":1596545239811,"last_updated_at":"2020-08-04T12:47:19Z"}},"entity":{"notebook":{"kernel":{"name":"python3","display_name":"Python 3.6","language":"python"},"originates_from":{"type":"file"},"runtime":{"environment":"jupconda36-cbccef32-f329-49d2-a818-6ad9f5891366"}}},"attachments":[{"id":"986e3c7b-ab05-489d-99a3-712721158eb3","version":2,"asset_type":"notebook","name":"attachment for notebook 6374c2e4-e3d0-48d4-a721-bd015cd2101b","description":"attachment for notebook 6374c2e4-e3d0-48d4-a721-bd015cd2101b","mime":"application/json","object_key":"notebook/openscale-initial-setup_aIBOsdJve.ipynb","create_time":1596483042110,"size":15895,"is_remote":false,"is_managed":false,"is_referenced":true,"is_object_key_read_only":false,"is_user_provided_path_key":true,"transfer_complete":true,"is_partitioned":false,"complete_time_ticks":1596483042110,"user_data":{},"test_doc":0,"handle":{"key":"notebook/openscale-initial-setup_aIBOsdJve.ipynb","upload_id":"done","max_part_num":1},"usage":{"access_count":0,"last_accessor_id":"1000331005","last_access_time":1596483042110}}]}