{"metadata":{"asset_id":"ce3364bb-1d5b-4c5e-9133-366a87c5019a","asset_attributes":["notebook"],"name":"machinelearning-creditrisk-sparkmlmodel","asset_type":"notebook","created_at":"2021-03-18T15:06:37Z","description":"","origin_country":"us","owner_id":"icp4d-dev","project_id":"da4aadf9-f56c-4152-a7e1-fc9352a73c01","size":26200,"tags":["notebook"],"usage":{"last_update_time":1616079997304,"last_updated_at":"2021-03-18T15:06:37Z"}},"entity":{"notebook":{"kernel":{"name":"python3","display_name":"Python 3.7","language":"python"},"originates_from":{"type":"file"},"runtime":{"environment":"jupconda37-da4aadf9-f56c-4152-a7e1-fc9352a73c01"}}},"attachments":[{"id":"e6a598ee-cc0a-43ac-8dc3-3711b7fad2ac","version":2,"asset_type":"notebook","name":"attachment for notebook ce3364bb-1d5b-4c5e-9133-366a87c5019a","description":"attachment for notebook ce3364bb-1d5b-4c5e-9133-366a87c5019a","mime":"application/json","datasource_type":"81bafdbd-b7c6-45c5-a4fd-6ec135f66f4e","object_key":"notebook/machinelearning-creditrisk-sparkmlmodel_A4JorIja7.ipynb","creator_id":"1000331001","create_time":1616079997303,"size":26200,"is_remote":false,"is_managed":false,"is_referenced":true,"is_object_key_read_only":false,"is_user_provided_path_key":true,"transfer_complete":true,"is_partitioned":false,"complete_time_ticks":1616079997303,"user_data":{},"test_doc":0,"handle":{"key":"notebook/machinelearning-creditrisk-sparkmlmodel_A4JorIja7.ipynb","upload_id":"done","max_part_num":1},"usage":{"access_count":0,"last_accessor_id":"1000331001","last_access_time":1616079997303}}]}