{"metadata":{"asset_id":"d9cf49b9-4818-4eb6-b107-4328f9791f46","asset_attributes":["notebook"],"name":"machinelearning-creditrisk-sparkmlmodel","asset_type":"notebook","created_at":"2020-09-17T18:53:18Z","description":"","origin_country":"us","owner_id":"IBMid-506JGHKBHJ","project_id":"00668c28-b918-4102-b330-35248b3d5311","size":22825,"tags":["notebook"],"usage":{"last_update_time":1600368859047,"last_updated_at":"2020-09-17T18:54:19Z"}},"entity":{"notebook":{"kernel":{"name":"python3","display_name":"Python 3.6","language":"python"},"originates_from":{"type":"file"},"runtime":{"environment":"conda2py36-00668c28-b918-4102-b330-35248b3d5311"}}},"attachments":[{"id":"4492e09d-6d6b-4f1e-94af-a629ca8d931b","version":2,"asset_type":"notebook","name":"attachment for notebook d9cf49b9-4818-4eb6-b107-4328f9791f46","description":"attachment for notebook d9cf49b9-4818-4eb6-b107-4328f9791f46","mime":"application/json","datasource_type":"193a97c1-4475-4a19-b90c-295c4fdc6517","object_key":"notebook/machinelearning-creditrisk-sparkmlmodel_pePi7YfF9.ipynb","creator_id":"IBMid-506JGHKBHJ","create_time":1600368799057,"size":22825,"is_remote":false,"is_managed":false,"is_referenced":true,"is_object_key_read_only":false,"is_user_provided_path_key":true,"transfer_complete":true,"is_partitioned":false,"complete_time_ticks":1600368799057,"user_data":{},"test_doc":0,"handle":{"bucket":"creditriskproject-donotdelete-pr-fybeovmk3jc2n1","location":"us-geo","key":"notebook/machinelearning-creditrisk-sparkmlmodel_pePi7YfF9.ipynb","upload_id":"done","max_part_num":1},"usage":{"access_count":0,"last_accessor_id":"IBMid-506JGHKBHJ","last_access_time":1600368799057}}]}
