{"metadata":{"asset_id":"6f3ca513-8a51-4ded-9b16-429294d4b098","asset_attributes":["notebook"],"name":"openscale-drift-config","asset_type":"notebook","created_at":"2020-09-16T11:07:30Z","description":"","origin_country":"us","owner_id":"1000331005","project_id":"8edf3108-b14f-422a-b76a-28204750eda3","sandbox_id":"8edf3108-b14f-422a-b76a-28204750eda3","size":18087,"tags":["notebook"],"usage":{"last_update_time":1600254451108,"last_updated_at":"2020-09-16T11:07:31Z"}},"entity":{"notebook":{"kernel":"","originates_from":{"type":"file"},"runtime":{"environment":"jupconda36-8edf3108-b14f-422a-b76a-28204750eda3"}}},"attachments":[{"id":"401b4c32-e8b6-45f3-9e29-a8aa09d4b457","version":2,"asset_type":"notebook","name":"attachment for notebook 6f3ca513-8a51-4ded-9b16-429294d4b098","description":"attachment for notebook 6f3ca513-8a51-4ded-9b16-429294d4b098","mime":"application/json","object_key":"notebook/openscale-drift-config_NYLolTHn5.ipynb","create_time":1600254450921,"size":18087,"is_remote":false,"is_managed":false,"is_referenced":true,"is_object_key_read_only":false,"is_user_provided_path_key":true,"transfer_complete":true,"is_partitioned":false,"complete_time_ticks":1600254450921,"user_data":{},"test_doc":0,"handle":{"key":"notebook/openscale-drift-config_NYLolTHn5.ipynb","upload_id":"done","max_part_num":1},"usage":{"access_count":0,"last_accessor_id":"icp4d-dev","last_access_time":1600254450921}}]}