{"metadata":{"asset_id":"ff81fc7c-f81e-42fe-92b5-fa5371a12f90","asset_attributes":["notebook"],"name":"openscale-initial-setup","asset_type":"notebook","created_at":"2020-09-17T19:02:56Z","description":"","origin_country":"us","owner_id":"IBMid-506JGHKBHJ","project_id":"00668c28-b918-4102-b330-35248b3d5311","size":15906,"tags":["notebook"],"usage":{"last_update_time":1600369423199,"last_updated_at":"2020-09-17T19:03:43Z"}},"entity":{"notebook":{"kernel":{"name":"python3","display_name":"Python 3.6","language":"python"},"originates_from":{"type":"file"},"runtime":{"environment":"conda2py36-00668c28-b918-4102-b330-35248b3d5311"}}},"attachments":[{"id":"f747d167-381e-4739-8731-8d05c335c71c","version":2,"asset_type":"notebook","name":"attachment for notebook ff81fc7c-f81e-42fe-92b5-fa5371a12f90","description":"attachment for notebook ff81fc7c-f81e-42fe-92b5-fa5371a12f90","mime":"application/json","datasource_type":"193a97c1-4475-4a19-b90c-295c4fdc6517","object_key":"notebook/openscale-initial-setup_u3fbto1Iu.ipynb","creator_id":"IBMid-506JGHKBHJ","create_time":1600369377105,"size":15906,"is_remote":false,"is_managed":false,"is_referenced":true,"is_object_key_read_only":false,"is_user_provided_path_key":true,"transfer_complete":true,"is_partitioned":false,"complete_time_ticks":1600369377105,"user_data":{},"test_doc":0,"handle":{"bucket":"creditriskproject-donotdelete-pr-fybeovmk3jc2n1","location":"us-geo","key":"notebook/openscale-initial-setup_u3fbto1Iu.ipynb","upload_id":"done","max_part_num":1},"usage":{"access_count":0,"last_accessor_id":"IBMid-506JGHKBHJ","last_access_time":1600369377105}}]}
