{"metadata":{"asset_id":"d16c9c46-1188-4635-9dba-015f45a9f9fd","asset_attributes":["notebook"],"name":"openscale-fairness-explainability","asset_type":"notebook","created_at":"2020-10-20T18:16:25Z","description":"","origin_country":"us","owner_id":"IBMid-060000B8AS","project_id":"bee6f0ae-e703-4b18-bde8-a2155ad23c28","size":13713,"tags":["notebook"],"usage":{"last_update_time":1603245095926,"last_updated_at":"2020-10-21T01:51:35Z"}},"entity":{"notebook":{"kernel":{"name":"python3","display_name":"Python 3.7","language":"python"},"originates_from":{"type":"file"},"runtime":{"environment":"conda2py37-bee6f0ae-e703-4b18-bde8-a2155ad23c28"}}},"attachments":[{"id":"07e56cf6-df6d-4dc0-ae74-784fb7a752b0","version":2,"asset_type":"notebook","name":"attachment for notebook d16c9c46-1188-4635-9dba-015f45a9f9fd","description":"attachment for notebook d16c9c46-1188-4635-9dba-015f45a9f9fd","mime":"application/json","datasource_type":"193a97c1-4475-4a19-b90c-295c4fdc6517","object_key":"notebook/openscale-fairness-explainability_whKpZu8Lw.ipynb","creator_id":"iam-ServiceId-9e68bc5f-c5f6-4f6f-8bcf-e57f47b9d1b1","create_time":1603217785809,"size":13713,"is_remote":false,"is_managed":false,"is_referenced":true,"is_object_key_read_only":false,"is_user_provided_path_key":true,"transfer_complete":true,"is_partitioned":false,"complete_time_ticks":1603217785809,"user_data":{},"test_doc":0,"handle":{"bucket":"creditrisk-donotdelete-pr-cqvzaatn2tqdmv","location":"us-geo","key":"notebook/openscale-fairness-explainability_whKpZu8Lw.ipynb","upload_id":"done","max_part_num":1},"usage":{"access_count":0,"last_accessor_id":"iam-ServiceId-9e68bc5f-c5f6-4f6f-8bcf-e57f47b9d1b1","last_access_time":1603217785809}}]}
