{"metadata":{"asset_id":"a939968a-d90f-4e7f-8238-7076a500fca5","asset_attributes":["notebook"],"name":"machinelearning-creditrisk-batchscoring","asset_type":"notebook","created_at":"2020-05-29T02:39:10Z","description":"","origin_country":"us","owner_id":"1000331051","project_id":"a3d720ed-476d-4179-9873-1a7ab58305d5","sandbox_id":"a3d720ed-476d-4179-9873-1a7ab58305d5","size":8764,"tags":["notebook"],"usage":{"last_update_time":1590720934759,"last_updated_at":"2020-05-29T02:55:34Z"}},"entity":{"notebook":{"kernel":{"name":"python3","display_name":"Python 3.6","language":"python"},"originates_from":{"type":"file"},"runtime":{"environment":"jupconda36-a3d720ed-476d-4179-9873-1a7ab58305d5"}}},"attachments":[{"id":"174ad4ab-de6b-4d9c-8736-858e71a12900","version":2,"asset_type":"notebook","name":"attachment for notebook a939968a-d90f-4e7f-8238-7076a500fca5","description":"attachment for notebook a939968a-d90f-4e7f-8238-7076a500fca5","mime":"application/json","object_key":"notebook/machinelearning-creditrisk-batchscoring_hoKPB8iUY.ipynb","create_time":1590719950202,"size":8764,"is_remote":false,"is_managed":false,"is_referenced":true,"is_object_key_read_only":false,"is_user_provided_path_key":true,"transfer_complete":true,"is_partitioned":false,"complete_time_ticks":1590719950202,"user_data":{},"test_doc":0,"handle":{"key":"notebook/machinelearning-creditrisk-batchscoring_hoKPB8iUY.ipynb","upload_id":"done","max_part_num":1},"usage":{"access_count":0,"last_accessor_id":"icp4d-dev","last_access_time":1590719950202}}]}