{"metadata":{"asset_id":"79509220-a440-415f-befc-92dac97a9ae9","asset_attributes":["notebook"],"name":"machinelearning-creditrisk-batchscoring","asset_type":"notebook","created_at":"2020-09-18T20:19:44Z","description":"","origin_country":"us","owner_id":"IBMid-310001TXTX","project_id":"7801ae03-a92f-4cfe-b4ad-e00b95d211a0","size":9237,"tags":["notebook"],"usage":{"last_update_time":1600460386934,"last_updated_at":"2020-09-18T20:19:46Z"}},"entity":{"notebook":{"kernel":{"name":"python3","display_name":"Python 3.6","language":"python"},"originates_from":{"type":"file"},"runtime":{"environment":"conda2py36-7801ae03-a92f-4cfe-b4ad-e00b95d211a0"}}},"attachments":[{"id":"4c93484e-4260-4cfe-b065-c1db31854402","version":2,"asset_type":"notebook","name":"attachment for notebook 79509220-a440-415f-befc-92dac97a9ae9","description":"attachment for notebook 79509220-a440-415f-befc-92dac97a9ae9","mime":"application/json","datasource_type":"193a97c1-4475-4a19-b90c-295c4fdc6517","object_key":"notebook/machinelearning-creditrisk-batchscoring_ssItQZdCV.ipynb","creator_id":"iam-ServiceId-9e68bc5f-c5f6-4f6f-8bcf-e57f47b9d1b1","create_time":1600460386801,"size":9237,"is_remote":false,"is_managed":false,"is_referenced":true,"is_object_key_read_only":false,"is_user_provided_path_key":true,"transfer_complete":true,"is_partitioned":false,"complete_time_ticks":1600460386801,"user_data":{},"test_doc":0,"handle":{"bucket":"creditriskproject-donotdelete-pr-a2lqhjvxclpxed","location":"us-geo","key":"notebook/machinelearning-creditrisk-batchscoring_ssItQZdCV.ipynb","upload_id":"done","max_part_num":1},"usage":{"access_count":0,"last_accessor_id":"iam-ServiceId-9e68bc5f-c5f6-4f6f-8bcf-e57f47b9d1b1","last_access_time":1600460386801}}]}
