{"metadata":{"asset_id":"54dd7709-f7f1-4dce-947f-e60eb64f6731","asset_attributes":["notebook"],"name":"machinelearning-creditrisk-batchscoring","asset_type":"notebook","created_at":"2020-05-28T18:33:06Z","description":"","origin_country":"us","owner_id":"1000331004","project_id":"5dbbac1d-e26b-4a5f-ae19-694e2b0f0dee","sandbox_id":"5dbbac1d-e26b-4a5f-ae19-694e2b0f0dee","size":8764,"tags":["notebook"],"usage":{"last_update_time":1590690786680,"last_updated_at":"2020-05-28T18:33:06Z"}},"entity":{"notebook":{"kernel":"","originates_from":{"type":"file"},"runtime":{"environment":"jupconda36-5dbbac1d-e26b-4a5f-ae19-694e2b0f0dee"}}},"attachments":[{"id":"edc9dd64-0504-40f4-939f-5d618bffa59d","version":2,"asset_type":"notebook","name":"attachment for notebook 54dd7709-f7f1-4dce-947f-e60eb64f6731","description":"attachment for notebook 54dd7709-f7f1-4dce-947f-e60eb64f6731","mime":"application/json","object_key":"notebook/machinelearning-creditrisk-batchscoring_hoKPB8iUY.ipynb","create_time":1590690786210,"size":8764,"is_remote":false,"is_managed":false,"is_referenced":true,"is_object_key_read_only":false,"is_user_provided_path_key":true,"transfer_complete":true,"is_partitioned":false,"complete_time_ticks":1590690786210,"user_data":{},"test_doc":0,"handle":{"key":"notebook/machinelearning-creditrisk-batchscoring_hoKPB8iUY.ipynb","upload_id":"done","max_part_num":1},"usage":{"access_count":0,"last_accessor_id":"icp4d-dev","last_access_time":1590690786210}}]}