{"metadata":{"asset_id":"32fc83ce-9cab-4454-ae48-ccd74eef34eb","asset_attributes":["notebook"],"name":"openscale-full-configuration","asset_type":"notebook","created_at":"2021-04-15T02:33:23Z","description":"latest from addNotebookData","origin_country":"us","owner_id":"icp4d-dev","project_id":"76e25821-fc84-452c-9534-eab33fdc5366","size":77009,"tags":["notebook"],"usage":{"last_update_time":1618454003646,"last_updated_at":"2021-04-15T02:33:23Z"}},"entity":{"notebook":{"kernel":"","originates_from":{"type":"file"},"runtime":{"environment":"jupconda37-76e25821-fc84-452c-9534-eab33fdc5366"}}},"attachments":[{"id":"fb4925cc-1990-4504-9947-0e0523e3e31d","version":2,"asset_type":"notebook","name":"attachment for notebook 32fc83ce-9cab-4454-ae48-ccd74eef34eb","description":"attachment for notebook 32fc83ce-9cab-4454-ae48-ccd74eef34eb","mime":"application/json","datasource_type":"81bafdbd-b7c6-45c5-a4fd-6ec135f66f4e","object_key":"notebook/openscale-full-configuration_sKZkvEi7t.ipynb","creator_id":"1000330999","create_time":1618454003645,"size":77009,"is_remote":false,"is_managed":false,"is_referenced":true,"is_object_key_read_only":false,"is_user_provided_path_key":true,"transfer_complete":true,"is_partitioned":false,"complete_time_ticks":1618454003645,"user_data":{},"test_doc":0,"handle":{"key":"notebook/openscale-full-configuration_sKZkvEi7t.ipynb","upload_id":"done","max_part_num":1},"usage":{"access_count":0,"last_accessor_id":"1000330999","last_access_time":1618454003645}}]}