{"metadata":{"asset_id":"6e0355bd-3fdc-44c2-bad5-f6d5a91833b6","asset_attributes":["notebook"],"name":"openscale-full-configuration","asset_type":"notebook","created_at":"2020-09-24T20:30:48Z","description":"","origin_country":"us","owner_id":"IBMid-310001TXTX","project_id":"f1fbb616-406b-4876-8b3b-a0c010d150db","size":56107,"tags":["notebook"],"usage":{"last_update_time":1600979449327,"last_updated_at":"2020-09-24T20:30:49Z"}},"entity":{"notebook":{"kernel":{"name":"python3","display_name":"Python 3.6","language":"python"},"originates_from":{"type":"file"},"runtime":{"environment":"conda2py36-f1fbb616-406b-4876-8b3b-a0c010d150db"}}},"attachments":[{"id":"533dbb5f-f9fc-4762-bc62-62997a9e0341","version":2,"asset_type":"notebook","name":"attachment for notebook 6e0355bd-3fdc-44c2-bad5-f6d5a91833b6","description":"attachment for notebook 6e0355bd-3fdc-44c2-bad5-f6d5a91833b6","mime":"application/json","datasource_type":"193a97c1-4475-4a19-b90c-295c4fdc6517","object_key":"notebook/openscale-full-configuration_5xSXz3WMO.ipynb","creator_id":"iam-ServiceId-9e68bc5f-c5f6-4f6f-8bcf-e57f47b9d1b1","create_time":1600979449180,"size":56107,"is_remote":false,"is_managed":false,"is_referenced":true,"is_object_key_read_only":false,"is_user_provided_path_key":true,"transfer_complete":true,"is_partitioned":false,"complete_time_ticks":1600979449180,"user_data":{},"test_doc":0,"handle":{"bucket":"creditriskproject-donotdelete-pr-mah2blhakkw7b5","location":"us-geo","key":"notebook/openscale-full-configuration_5xSXz3WMO.ipynb","upload_id":"done","max_part_num":1},"usage":{"access_count":0,"last_accessor_id":"iam-ServiceId-9e68bc5f-c5f6-4f6f-8bcf-e57f47b9d1b1","last_access_time":1600979449180}}]}
