{"metadata":{"asset_id":"4533c2db-05ee-4079-acbb-899490db454b","asset_attributes":["notebook"],"name":"machinelearning-creditrisk-sparkmlmodel","asset_type":"notebook","created_at":"2020-05-19T15:17:02Z","description":"","origin_country":"us","owner_id":"1000331004","project_id":"a84c106f-a263-461d-9fee-3dc90d8be775","sandbox_id":"a84c106f-a263-461d-9fee-3dc90d8be775","size":22899,"tags":["notebook"],"usage":{"last_update_time":1589901422520,"last_updated_at":"2020-05-19T15:17:02Z"}},"entity":{"notebook":{"kernel":"","originates_from":{"type":"file"},"runtime":{"environment":"jupconda36-a84c106f-a263-461d-9fee-3dc90d8be775"}}},"attachments":[{"id":"07fae3a8-7366-45ff-87bd-cf37a32672cc","version":2,"asset_type":"notebook","name":"attachment for notebook 4533c2db-05ee-4079-acbb-899490db454b","description":"attachment for notebook 4533c2db-05ee-4079-acbb-899490db454b","mime":"application/json","object_key":"notebook/machinelearning-creditrisk-sparkmlmodel_D2iMV6uiv.ipynb","create_time":1589901422519,"size":22899,"is_remote":false,"is_managed":false,"is_referenced":true,"is_object_key_read_only":false,"is_user_provided_path_key":true,"transfer_complete":true,"is_partitioned":false,"complete_time_ticks":1589901422519,"user_data":{},"test_doc":0,"handle":{"key":"notebook/machinelearning-creditrisk-sparkmlmodel_D2iMV6uiv.ipynb","upload_id":"done","max_part_num":1},"usage":{"access_count":0,"last_accessor_id":"1000331004","last_access_time":1589901422519}}]}