{"metadata":{"asset_id":"e2e17172-9b22-4ad6-a85a-a8bbabdedc17","asset_attributes":["notebook"],"name":"openscale-drift-config","asset_type":"notebook","created_at":"2020-08-14T19:26:58Z","description":"","origin_country":"us","owner_id":"1000331005","project_id":"6b398bda-86ae-4e45-8c14-c3b7885d8897","sandbox_id":"6b398bda-86ae-4e45-8c14-c3b7885d8897","size":18087,"tags":["notebook"],"usage":{"last_update_time":1597433218850,"last_updated_at":"2020-08-14T19:26:58Z"}},"entity":{"notebook":{"kernel":"","originates_from":{"type":"file"},"runtime":{"environment":"jupconda36-6b398bda-86ae-4e45-8c14-c3b7885d8897"}}},"attachments":[{"id":"1594a0c3-3e07-4a9c-92cb-ceaaaaccab20","version":2,"asset_type":"notebook","name":"attachment for notebook e2e17172-9b22-4ad6-a85a-a8bbabdedc17","description":"attachment for notebook e2e17172-9b22-4ad6-a85a-a8bbabdedc17","mime":"application/json","object_key":"notebook/openscale-drift-config_NYLolTHn5.ipynb","create_time":1597433218848,"size":18087,"is_remote":false,"is_managed":false,"is_referenced":true,"is_object_key_read_only":false,"is_user_provided_path_key":true,"transfer_complete":true,"is_partitioned":false,"complete_time_ticks":1597433218848,"user_data":{},"test_doc":0,"handle":{"key":"notebook/openscale-drift-config_NYLolTHn5.ipynb","upload_id":"done","max_part_num":1},"usage":{"access_count":0,"last_accessor_id":"1000331005","last_access_time":1597433218848}}]}