{"metadata":{"asset_id":"de7e1d07-2bb6-408a-8f6e-1c849bfac2c5","asset_attributes":["notebook"],"name":"machinelearning-creditrisk-sparkmlmodel","asset_type":"notebook","created_at":"2021-03-25T16:10:13Z","description":"","origin_country":"us","owner_id":"icp4d-dev","project_id":"ec5adad1-8f55-409e-8f5d-a84bc4fc7e74","size":26245,"tags":["notebook"],"usage":{"last_update_time":1616688613878,"last_updated_at":"2021-03-25T16:10:13Z"}},"entity":{"notebook":{"kernel":{"name":"python3","display_name":"Python 3.7","language":"python"},"originates_from":{"type":"file"},"runtime":{"environment":"jupconda37-ec5adad1-8f55-409e-8f5d-a84bc4fc7e74"}}},"attachments":[{"id":"6df518b7-bee7-401a-a0df-49f2519f0fca","version":2,"asset_type":"notebook","name":"attachment for notebook de7e1d07-2bb6-408a-8f6e-1c849bfac2c5","description":"attachment for notebook de7e1d07-2bb6-408a-8f6e-1c849bfac2c5","mime":"application/json","datasource_type":"81bafdbd-b7c6-45c5-a4fd-6ec135f66f4e","object_key":"notebook/machinelearning-creditrisk-sparkmlmodel_A4JorIja7.ipynb","creator_id":"1000331001","create_time":1616688613877,"size":26245,"is_remote":false,"is_managed":false,"is_referenced":true,"is_object_key_read_only":false,"is_user_provided_path_key":true,"transfer_complete":true,"is_partitioned":false,"complete_time_ticks":1616688613877,"user_data":{},"test_doc":0,"handle":{"key":"notebook/machinelearning-creditrisk-sparkmlmodel_A4JorIja7.ipynb","upload_id":"done","max_part_num":1},"usage":{"access_count":0,"last_accessor_id":"1000331001","last_access_time":1616688613877}}]}