{"metadata":{"asset_id":"0d1e73fc-fd3b-49c5-834b-f9786929a056","asset_attributes":["notebook"],"name":"openscale-historic-data","asset_type":"notebook","created_at":"2021-03-08T03:30:00Z","description":"","origin_country":"us","owner_id":"icp4d-dev","project_id":"58b63b8b-9872-40b1-8774-16c34cc52cba","size":21609,"tags":["notebook"],"usage":{"last_update_time":1615174201041,"last_updated_at":"2021-03-08T03:30:01Z"}},"entity":{"notebook":{"kernel":{"name":"python3","display_name":"Python 3.6","language":"python"},"originates_from":{"type":"file"},"runtime":{"environment":"jupconda36-58b63b8b-9872-40b1-8774-16c34cc52cba"}}},"attachments":[{"id":"8f9cc8a7-4859-4ba7-a68d-6f73840d6eb1","version":2,"asset_type":"notebook","name":"attachment for notebook 0d1e73fc-fd3b-49c5-834b-f9786929a056","description":"attachment for notebook 0d1e73fc-fd3b-49c5-834b-f9786929a056","mime":"application/json","datasource_type":"81bafdbd-b7c6-45c5-a4fd-6ec135f66f4e","object_key":"notebook/openscale-historic-data_lrJTxhnnV.ipynb","creator_id":"1000331005","create_time":1615174201038,"size":21609,"is_remote":false,"is_managed":false,"is_referenced":true,"is_object_key_read_only":false,"is_user_provided_path_key":true,"transfer_complete":true,"is_partitioned":false,"complete_time_ticks":1615174201038,"user_data":{},"test_doc":0,"handle":{"key":"notebook/openscale-historic-data_lrJTxhnnV.ipynb","upload_id":"done","max_part_num":1},"usage":{"access_count":0,"last_accessor_id":"1000331005","last_access_time":1615174201038}}]}