{"metadata":{"asset_id":"9ccb3be0-d2e0-4720-a17c-68854383d06d","asset_attributes":["notebook"],"name":"machinelearning-creditrisk-batchscoring","asset_type":"notebook","created_at":"2020-05-28T16:01:43Z","description":"","origin_country":"us","owner_id":"1000331064","project_id":"c509e6e5-dc3c-4a91-bc3d-6ddd68e09c50","sandbox_id":"c509e6e5-dc3c-4a91-bc3d-6ddd68e09c50","size":8764,"tags":["notebook"],"usage":{"last_update_time":1590681703865,"last_updated_at":"2020-05-28T16:01:43Z"}},"entity":{"notebook":{"kernel":"","originates_from":{"type":"file"},"runtime":{"environment":"jupconda36-c509e6e5-dc3c-4a91-bc3d-6ddd68e09c50"}}},"attachments":[{"id":"daf5d236-300f-48d0-af26-e1b5755d6a43","version":2,"asset_type":"notebook","name":"attachment for notebook 9ccb3be0-d2e0-4720-a17c-68854383d06d","description":"attachment for notebook 9ccb3be0-d2e0-4720-a17c-68854383d06d","mime":"application/json","object_key":"notebook/machinelearning-creditrisk-batchscoring_hoKPB8iUY.ipynb","create_time":1590681703702,"size":8764,"is_remote":false,"is_managed":false,"is_referenced":true,"is_object_key_read_only":false,"is_user_provided_path_key":true,"transfer_complete":true,"is_partitioned":false,"complete_time_ticks":1590681703702,"user_data":{},"test_doc":0,"handle":{"key":"notebook/machinelearning-creditrisk-batchscoring_hoKPB8iUY.ipynb","upload_id":"done","max_part_num":1},"usage":{"access_count":0,"last_accessor_id":"icp4d-dev","last_access_time":1590681703702}}]}