{"metadata":{"asset_id":"b3d8d88e-78aa-4b8b-b492-24ee71cdb389","asset_attributes":["notebook"],"name":"machinelearning-creditrisk-batchscoring","asset_type":"notebook","created_at":"2020-11-10T17:20:02Z","description":"","origin_country":"us","owner_id":"iam-ServiceId-9e68bc5f-c5f6-4f6f-8bcf-e57f47b9d1b1","project_id":"2a9b5776-78ce-4841-a09a-c33ce56f2093","size":11366,"tags":["notebook"],"usage":{"last_update_time":1605028968537,"last_updated_at":"2020-11-10T17:22:48Z"}},"entity":{"notebook":{"kernel":{"name":"python3","display_name":"Python 3.7","language":"python"},"originates_from":{"type":"file"},"runtime":{"environment":"conda2py37-2a9b5776-78ce-4841-a09a-c33ce56f2093"}}},"attachments":[{"id":"1624795c-a79d-4430-9ba4-1f95ba0525c6","version":2,"asset_type":"notebook","name":"attachment for notebook b3d8d88e-78aa-4b8b-b492-24ee71cdb389","description":"attachment for notebook b3d8d88e-78aa-4b8b-b492-24ee71cdb389","mime":"application/json","datasource_type":"193a97c1-4475-4a19-b90c-295c4fdc6517","object_key":"notebook/machinelearning-creditrisk-batchscoring_vlYzgoSln.ipynb","creator_id":"IBMid-060000B8AS","create_time":1605028803724,"size":11366,"is_remote":false,"is_managed":false,"is_referenced":true,"is_object_key_read_only":false,"is_user_provided_path_key":true,"transfer_complete":true,"is_partitioned":false,"complete_time_ticks":1605028803724,"user_data":{},"test_doc":0,"handle":{"bucket":"creditriskproject-donotdelete-pr-o8ftoqlpkmdwbg","location":"us-geo","key":"notebook/machinelearning-creditrisk-batchscoring_vlYzgoSln.ipynb","upload_id":"done","max_part_num":1},"usage":{"access_count":0,"last_accessor_id":"IBMid-060000B8AS","last_access_time":1605028803724}}]}
