{"metadata":{"asset_id":"ed98fc7a-0f89-4961-b112-ab9d7426c20b","asset_attributes":["notebook"],"name":"machinelearning-creditrisk-batchscoring","asset_type":"notebook","created_at":"2020-05-21T17:01:56Z","description":"","origin_country":"us","owner_id":"1000331001","project_id":"14419398-8d6b-4657-bebb-ce59424df02c","sandbox_id":"14419398-8d6b-4657-bebb-ce59424df02c","size":8764,"tags":["notebook"],"usage":{"last_update_time":1590080516716,"last_updated_at":"2020-05-21T17:01:56Z"}},"entity":{"notebook":{"kernel":"","originates_from":{"type":"file"},"runtime":{"environment":"jupconda36-14419398-8d6b-4657-bebb-ce59424df02c"}}},"attachments":[{"id":"4ccc1711-61d9-4b9d-8010-bedd9cb49fa0","version":2,"asset_type":"notebook","name":"attachment for notebook ed98fc7a-0f89-4961-b112-ab9d7426c20b","description":"attachment for notebook ed98fc7a-0f89-4961-b112-ab9d7426c20b","mime":"application/json","object_key":"notebook/machinelearning-creditrisk-batchscoring_hoKPB8iUY.ipynb","create_time":1590080516516,"size":8764,"is_remote":false,"is_managed":false,"is_referenced":true,"is_object_key_read_only":false,"is_user_provided_path_key":true,"transfer_complete":true,"is_partitioned":false,"complete_time_ticks":1590080516516,"user_data":{},"test_doc":0,"handle":{"key":"notebook/machinelearning-creditrisk-batchscoring_hoKPB8iUY.ipynb","upload_id":"done","max_part_num":1},"usage":{"access_count":0,"last_accessor_id":"icp4d-dev","last_access_time":1590080516516}}]}