{"metadata":{"asset_id":"1fdf1666-6663-4e81-a692-d94ff61af3e0","asset_attributes":["notebook"],"name":"machinelearning-creditrisk-sparkmlmodel","asset_type":"notebook","created_at":"2020-10-20T18:16:25Z","description":"","origin_country":"us","owner_id":"IBMid-060000B8AS","project_id":"bee6f0ae-e703-4b18-bde8-a2155ad23c28","size":23561,"tags":["notebook"],"usage":{"last_update_time":1603245047850,"last_updated_at":"2020-10-21T01:50:47Z"}},"entity":{"notebook":{"kernel":{"name":"python3","display_name":"Python 3.7","language":"python"},"originates_from":{"type":"file"},"runtime":{"environment":"conda2py37-bee6f0ae-e703-4b18-bde8-a2155ad23c28"}}},"attachments":[{"id":"4d2d0a00-9544-4fee-92cd-3f64c4235c44","version":2,"asset_type":"notebook","name":"attachment for notebook 1fdf1666-6663-4e81-a692-d94ff61af3e0","description":"attachment for notebook 1fdf1666-6663-4e81-a692-d94ff61af3e0","mime":"application/json","datasource_type":"193a97c1-4475-4a19-b90c-295c4fdc6517","object_key":"notebook/machinelearning-creditrisk-sparkmlmodel_H9_apQlNe.ipynb","creator_id":"iam-ServiceId-9e68bc5f-c5f6-4f6f-8bcf-e57f47b9d1b1","create_time":1603217785840,"size":23561,"is_remote":false,"is_managed":false,"is_referenced":true,"is_object_key_read_only":false,"is_user_provided_path_key":true,"transfer_complete":true,"is_partitioned":false,"complete_time_ticks":1603217785840,"user_data":{},"test_doc":0,"handle":{"bucket":"creditrisk-donotdelete-pr-cqvzaatn2tqdmv","location":"us-geo","key":"notebook/machinelearning-creditrisk-sparkmlmodel_H9_apQlNe.ipynb","upload_id":"done","max_part_num":1},"usage":{"access_count":0,"last_accessor_id":"iam-ServiceId-9e68bc5f-c5f6-4f6f-8bcf-e57f47b9d1b1","last_access_time":1603217785840}}]}
