{"metadata":{"asset_id":"ec6c7b6e-17af-467b-9bca-7314ff0bcfe6","asset_attributes":["notebook"],"name":"machinelearning-creditrisk-batchscoring","asset_type":"notebook","created_at":"2020-09-16T11:07:30Z","description":"","origin_country":"us","owner_id":"1000331005","project_id":"8edf3108-b14f-422a-b76a-28204750eda3","sandbox_id":"8edf3108-b14f-422a-b76a-28204750eda3","size":9238,"tags":["notebook"],"usage":{"last_update_time":1600254451077,"last_updated_at":"2020-09-16T11:07:31Z"}},"entity":{"notebook":{"kernel":{"name":"python3","display_name":"Python 3.6","language":"python"},"originates_from":{"type":"file"},"runtime":{"environment":"jupconda36-8edf3108-b14f-422a-b76a-28204750eda3"}}},"attachments":[{"id":"ef0ccb2f-d75c-4683-8bf8-5d0d69057d3b","version":2,"asset_type":"notebook","name":"attachment for notebook ec6c7b6e-17af-467b-9bca-7314ff0bcfe6","description":"attachment for notebook ec6c7b6e-17af-467b-9bca-7314ff0bcfe6","mime":"application/json","object_key":"notebook/machinelearning-creditrisk-batchscoring_hoKPB8iUY.ipynb","create_time":1600254450915,"size":9238,"is_remote":false,"is_managed":false,"is_referenced":true,"is_object_key_read_only":false,"is_user_provided_path_key":true,"transfer_complete":true,"is_partitioned":false,"complete_time_ticks":1600254450915,"user_data":{},"test_doc":0,"handle":{"key":"notebook/machinelearning-creditrisk-batchscoring_hoKPB8iUY.ipynb","upload_id":"done","max_part_num":1},"usage":{"access_count":0,"last_accessor_id":"icp4d-dev","last_access_time":1600254450915}}]}