{"metadata":{"asset_id":"d8365eaf-3ff5-4b0a-a3cf-2ea834c29bd3","asset_attributes":["notebook"],"name":"machinelearning-creditrisk-batchscoring","asset_type":"notebook","created_at":"2020-10-20T18:16:25Z","description":"","origin_country":"us","owner_id":"IBMid-060000B8AS","project_id":"bee6f0ae-e703-4b18-bde8-a2155ad23c28","size":11366,"tags":["notebook"],"usage":{"last_update_time":1603245145888,"last_updated_at":"2020-10-21T01:52:25Z"}},"entity":{"notebook":{"kernel":{"name":"python3","display_name":"Python 3.7","language":"python"},"originates_from":{"type":"file"},"runtime":{"environment":"conda2py37-bee6f0ae-e703-4b18-bde8-a2155ad23c28"}}},"attachments":[{"id":"831b686d-48e9-46ba-b8a7-982ec7290def","version":2,"asset_type":"notebook","name":"attachment for notebook d8365eaf-3ff5-4b0a-a3cf-2ea834c29bd3","description":"attachment for notebook d8365eaf-3ff5-4b0a-a3cf-2ea834c29bd3","mime":"application/json","datasource_type":"193a97c1-4475-4a19-b90c-295c4fdc6517","object_key":"notebook/machinelearning-creditrisk-batchscoring_vlYzgoSln.ipynb","creator_id":"iam-ServiceId-9e68bc5f-c5f6-4f6f-8bcf-e57f47b9d1b1","create_time":1603217786141,"size":11366,"is_remote":false,"is_managed":false,"is_referenced":true,"is_object_key_read_only":false,"is_user_provided_path_key":true,"transfer_complete":true,"is_partitioned":false,"complete_time_ticks":1603217786141,"user_data":{},"test_doc":0,"handle":{"bucket":"creditrisk-donotdelete-pr-cqvzaatn2tqdmv","location":"us-geo","key":"notebook/machinelearning-creditrisk-batchscoring_vlYzgoSln.ipynb","upload_id":"done","max_part_num":1},"usage":{"access_count":0,"last_accessor_id":"iam-ServiceId-9e68bc5f-c5f6-4f6f-8bcf-e57f47b9d1b1","last_access_time":1603217786141}}]}
