{"metadata":{"asset_id":"e2bfb259-3ce3-4d30-9796-8d849b6133c6","asset_attributes":["notebook"],"name":"openscale-fairness-explainability","asset_type":"notebook","created_at":"2021-03-08T03:30:00Z","description":"","origin_country":"us","owner_id":"icp4d-dev","project_id":"58b63b8b-9872-40b1-8774-16c34cc52cba","size":14191,"tags":["notebook"],"usage":{"last_update_time":1615174201054,"last_updated_at":"2021-03-08T03:30:01Z"}},"entity":{"notebook":{"kernel":{"name":"python3","display_name":"Python 3.6","language":"python"},"originates_from":{"type":"file"},"runtime":{"environment":"jupconda37-58b63b8b-9872-40b1-8774-16c34cc52cba"}}},"attachments":[{"id":"a395510c-6577-40e5-ac15-7fbaafc3ca0d","version":2,"asset_type":"notebook","name":"attachment for notebook e2bfb259-3ce3-4d30-9796-8d849b6133c6","description":"attachment for notebook e2bfb259-3ce3-4d30-9796-8d849b6133c6","mime":"application/json","datasource_type":"81bafdbd-b7c6-45c5-a4fd-6ec135f66f4e","object_key":"notebook/openscale-fairness-explainability_KLVRF45An.ipynb","creator_id":"1000331005","create_time":1615174201053,"size":14191,"is_remote":false,"is_managed":false,"is_referenced":true,"is_object_key_read_only":false,"is_user_provided_path_key":true,"transfer_complete":true,"is_partitioned":false,"complete_time_ticks":1615174201053,"user_data":{},"test_doc":0,"handle":{"key":"notebook/openscale-fairness-explainability_KLVRF45An.ipynb","upload_id":"done","max_part_num":1},"usage":{"access_count":0,"last_accessor_id":"1000331005","last_access_time":1615174201053}}]}