{"metadata":{"asset_id":"7fdb367c-45a3-456c-8fc7-ff9021e13f5a","asset_attributes":["notebook"],"name":"machinelearning-creditrisk-sparkmlmodel","asset_type":"notebook","created_at":"2021-03-08T03:30:00Z","description":"","origin_country":"us","owner_id":"icp4d-dev","project_id":"58b63b8b-9872-40b1-8774-16c34cc52cba","size":23377,"tags":["notebook"],"usage":{"last_update_time":1615864867321,"last_updated_at":"2021-03-16T03:21:07Z"}},"entity":{"notebook":{"kernel":{"name":"python3","display_name":"Python 3.7","language":"python"},"originates_from":{"type":"file"},"runtime":{"environment":"jupconda37-58b63b8b-9872-40b1-8774-16c34cc52cba"}}},"attachments":[{"id":"45ef2981-e938-43af-8c96-b7c43d100d52","version":2,"asset_type":"notebook","name":"attachment for notebook 7fdb367c-45a3-456c-8fc7-ff9021e13f5a","description":"attachment for notebook 7fdb367c-45a3-456c-8fc7-ff9021e13f5a","mime":"application/json","datasource_type":"81bafdbd-b7c6-45c5-a4fd-6ec135f66f4e","object_key":"notebook/machinelearning-creditrisk-sparkmlmodel_A4JorIja7.ipynb","creator_id":"1000331005","create_time":1615174201061,"size":23377,"is_remote":false,"is_managed":false,"is_referenced":true,"is_object_key_read_only":false,"is_user_provided_path_key":true,"transfer_complete":true,"is_partitioned":false,"complete_time_ticks":1615174201061,"user_data":{},"test_doc":0,"handle":{"key":"notebook/machinelearning-creditrisk-sparkmlmodel_A4JorIja7.ipynb","upload_id":"done","max_part_num":1},"usage":{"access_count":0,"last_accessor_id":"1000331005","last_access_time":1615174201061}}]}