{"metadata":{"asset_id":"8487a391-bbf0-4a14-8ab7-2a095f28153a","asset_attributes":["notebook"],"name":"openscale-historic-data","asset_type":"notebook","created_at":"2020-09-16T12:20:24Z","description":"","origin_country":"us","owner_id":"1000331005","project_id":"8edf3108-b14f-422a-b76a-28204750eda3","sandbox_id":"8edf3108-b14f-422a-b76a-28204750eda3","size":22201,"tags":["notebook"],"usage":{"last_update_time":1600258824799,"last_updated_at":"2020-09-16T12:20:24Z"}},"entity":{"notebook":{"kernel":"","originates_from":{"type":"file"},"runtime":{"environment":"jupconda36-8edf3108-b14f-422a-b76a-28204750eda3"}}},"attachments":[{"id":"dc687b10-2f98-4023-b09f-1cabc4c3acbb","version":2,"asset_type":"notebook","name":"attachment for notebook 8487a391-bbf0-4a14-8ab7-2a095f28153a","description":"attachment for notebook 8487a391-bbf0-4a14-8ab7-2a095f28153a","mime":"application/json","object_key":"notebook/openscale-historic-data_lrJTxhnnV.ipynb","create_time":1600258824799,"size":22201,"is_remote":false,"is_managed":false,"is_referenced":true,"is_object_key_read_only":false,"is_user_provided_path_key":true,"transfer_complete":true,"is_partitioned":false,"complete_time_ticks":1600258824799,"user_data":{},"test_doc":0,"handle":{"key":"notebook/openscale-historic-data_lrJTxhnnV.ipynb","upload_id":"done","max_part_num":1},"usage":{"access_count":0,"last_accessor_id":"1000331005","last_access_time":1600258824799}}]}