{"metadata":{"asset_id":"f1469177-50d4-459b-9230-cda9e9d02871","asset_attributes":["notebook"],"name":"machinelearning-creditrisk-batchscoring","asset_type":"notebook","created_at":"2020-08-03T12:35:27Z","description":"","origin_country":"us","owner_id":"1000331005","project_id":"cbccef32-f329-49d2-a818-6ad9f5891366","sandbox_id":"cbccef32-f329-49d2-a818-6ad9f5891366","size":9268,"tags":["notebook"],"usage":{"last_update_time":1596482476214,"last_updated_at":"2020-08-03T19:21:16Z"}},"entity":{"notebook":{"kernel":{"name":"python3","display_name":"Python 3.6","language":"python"},"originates_from":{"type":"file"},"runtime":{"environment":"jupconda36-cbccef32-f329-49d2-a818-6ad9f5891366"}}},"attachments":[{"id":"88504260-47ac-4e87-b183-67e743f05321","version":2,"asset_type":"notebook","name":"attachment for notebook f1469177-50d4-459b-9230-cda9e9d02871","description":"attachment for notebook f1469177-50d4-459b-9230-cda9e9d02871","mime":"application/json","object_key":"notebook/machinelearning-creditrisk-batchscoring_hoKPB8iUY.ipynb","create_time":1596458128100,"size":9268,"is_remote":false,"is_managed":false,"is_referenced":true,"is_object_key_read_only":false,"is_user_provided_path_key":true,"transfer_complete":true,"is_partitioned":false,"complete_time_ticks":1596458128100,"user_data":{},"test_doc":0,"handle":{"key":"notebook/machinelearning-creditrisk-batchscoring_hoKPB8iUY.ipynb","upload_id":"done","max_part_num":1},"usage":{"access_count":0,"last_accessor_id":"icp4d-dev","last_access_time":1596458128100}}]}