{"metadata":{"asset_id":"52ab61fc-491f-4351-9c2c-f57c162fa8b3","asset_attributes":["notebook"],"name":"openscale-quality-feedback","asset_type":"notebook","created_at":"2020-09-17T19:04:24Z","description":"","origin_country":"us","owner_id":"IBMid-506JGHKBHJ","project_id":"00668c28-b918-4102-b330-35248b3d5311","size":9867,"tags":["notebook"],"usage":{"last_update_time":1600369492927,"last_updated_at":"2020-09-17T19:04:52Z"}},"entity":{"notebook":{"kernel":{"name":"python3","display_name":"Python 3.6","language":"python"},"originates_from":{"type":"file"},"runtime":{"environment":"conda2py36-00668c28-b918-4102-b330-35248b3d5311"}}},"attachments":[{"id":"7d94380a-a95f-427b-8187-ae505a64b844","version":2,"asset_type":"notebook","name":"attachment for notebook 52ab61fc-491f-4351-9c2c-f57c162fa8b3","description":"attachment for notebook 52ab61fc-491f-4351-9c2c-f57c162fa8b3","mime":"application/json","datasource_type":"193a97c1-4475-4a19-b90c-295c4fdc6517","object_key":"notebook/openscale-quality-feedback_0e0EweTux.ipynb","creator_id":"IBMid-506JGHKBHJ","create_time":1600369465727,"size":9867,"is_remote":false,"is_managed":false,"is_referenced":true,"is_object_key_read_only":false,"is_user_provided_path_key":true,"transfer_complete":true,"is_partitioned":false,"complete_time_ticks":1600369465727,"user_data":{},"test_doc":0,"handle":{"bucket":"creditriskproject-donotdelete-pr-fybeovmk3jc2n1","location":"us-geo","key":"notebook/openscale-quality-feedback_0e0EweTux.ipynb","upload_id":"done","max_part_num":1},"usage":{"access_count":0,"last_accessor_id":"IBMid-506JGHKBHJ","last_access_time":1600369465727}}]}
