{"metadata":{"asset_id":"76624430-4483-4a5c-98bb-5429c972af9f","asset_attributes":["notebook"],"name":"machinelearning-creditrisk-batchscoring","asset_type":"notebook","created_at":"2021-03-25T16:10:13Z","description":"","origin_country":"us","owner_id":"icp4d-dev","project_id":"ec5adad1-8f55-409e-8f5d-a84bc4fc7e74","size":10438,"tags":["notebook"],"usage":{"last_update_time":1616688614046,"last_updated_at":"2021-03-25T16:10:14Z"}},"entity":{"notebook":{"kernel":{"name":"python3","display_name":"Python 3.7","language":"python"},"originates_from":{"type":"file"},"runtime":{"environment":"jupconda37-ec5adad1-8f55-409e-8f5d-a84bc4fc7e74"}}},"attachments":[{"id":"61f98542-e383-49fd-a497-38c858be9f21","version":2,"asset_type":"notebook","name":"attachment for notebook 76624430-4483-4a5c-98bb-5429c972af9f","description":"attachment for notebook 76624430-4483-4a5c-98bb-5429c972af9f","mime":"application/json","datasource_type":"81bafdbd-b7c6-45c5-a4fd-6ec135f66f4e","object_key":"notebook/machinelearning-creditrisk-batchscoring_hoKPB8iUY.ipynb","creator_id":"1000331001","create_time":1616688614045,"size":10438,"is_remote":false,"is_managed":false,"is_referenced":true,"is_object_key_read_only":false,"is_user_provided_path_key":true,"transfer_complete":true,"is_partitioned":false,"complete_time_ticks":1616688614045,"user_data":{},"test_doc":0,"handle":{"key":"notebook/machinelearning-creditrisk-batchscoring_hoKPB8iUY.ipynb","upload_id":"done","max_part_num":1},"usage":{"access_count":0,"last_accessor_id":"1000331001","last_access_time":1616688614045}}]}