{"metadata":{"asset_id":"b0cd3882-2ae7-44d6-9656-1a22ebf9fcb7","asset_attributes":["notebook"],"name":"machinelearning-creditrisk-sparkmlmodel","asset_type":"notebook","created_at":"2020-10-14T19:42:52Z","description":"","origin_country":"us","owner_id":"IBMid-060000B8AS","project_id":"e2089314-2f5a-4147-8c84-4f679423f3d0","size":23844,"tags":["notebook"],"usage":{"last_update_time":1602705082507,"last_updated_at":"2020-10-14T19:51:22Z"}},"entity":{"notebook":{"kernel":{"name":"python3","display_name":"Python 3.6","language":"python"},"originates_from":{"type":"file"},"runtime":{"environment":"conda2py36-e2089314-2f5a-4147-8c84-4f679423f3d0"}}},"attachments":[{"id":"6b70d7d2-d90b-412e-b7a7-84a74d187c06","version":2,"asset_type":"notebook","name":"attachment for notebook b0cd3882-2ae7-44d6-9656-1a22ebf9fcb7","description":"attachment for notebook b0cd3882-2ae7-44d6-9656-1a22ebf9fcb7","mime":"application/json","datasource_type":"193a97c1-4475-4a19-b90c-295c4fdc6517","object_key":"notebook/machinelearning-creditrisk-sparkmlmodel_H9_apQlNe.ipynb","creator_id":"IBMid-060000B8AS","create_time":1602704573502,"size":23844,"is_remote":false,"is_managed":false,"is_referenced":true,"is_object_key_read_only":false,"is_user_provided_path_key":true,"transfer_complete":true,"is_partitioned":false,"complete_time_ticks":1602704573502,"user_data":{},"test_doc":0,"handle":{"bucket":"creditriskproject-donotdelete-pr-atqrxmoe8zw0sw","location":"us-geo","key":"notebook/machinelearning-creditrisk-sparkmlmodel_H9_apQlNe.ipynb","upload_id":"done","max_part_num":1},"usage":{"access_count":0,"last_accessor_id":"IBMid-060000B8AS","last_access_time":1602704573502}}]}
