{"metadata":{"asset_id":"1048b98c-53ce-453c-83ad-c677ab223c3b","asset_attributes":["notebook"],"name":"openscale-drift-config","asset_type":"notebook","created_at":"2020-09-17T18:55:31Z","description":"","origin_country":"us","owner_id":"IBMid-506JGHKBHJ","project_id":"00668c28-b918-4102-b330-35248b3d5311","size":18078,"tags":["notebook"],"usage":{"last_update_time":1600368949368,"last_updated_at":"2020-09-17T18:55:49Z"}},"entity":{"notebook":{"kernel":{"name":"python3","display_name":"Python 3.6","language":"python"},"originates_from":{"type":"file"},"runtime":{"environment":"conda2py36-00668c28-b918-4102-b330-35248b3d5311"}}},"attachments":[{"id":"66b837bf-305a-47dc-9502-2827af53f449","version":2,"asset_type":"notebook","name":"attachment for notebook 1048b98c-53ce-453c-83ad-c677ab223c3b","description":"attachment for notebook 1048b98c-53ce-453c-83ad-c677ab223c3b","mime":"application/json","datasource_type":"193a97c1-4475-4a19-b90c-295c4fdc6517","object_key":"notebook/openscale-drift-config_0Rrac-jhN.ipynb","creator_id":"IBMid-506JGHKBHJ","create_time":1600368932433,"size":18078,"is_remote":false,"is_managed":false,"is_referenced":true,"is_object_key_read_only":false,"is_user_provided_path_key":true,"transfer_complete":true,"is_partitioned":false,"complete_time_ticks":1600368932433,"user_data":{},"test_doc":0,"handle":{"bucket":"creditriskproject-donotdelete-pr-fybeovmk3jc2n1","location":"us-geo","key":"notebook/openscale-drift-config_0Rrac-jhN.ipynb","upload_id":"done","max_part_num":1},"usage":{"access_count":0,"last_accessor_id":"IBMid-506JGHKBHJ","last_access_time":1600368932433}}]}
