{"metadata":{"asset_id":"dfa7eabd-48f7-4b40-b398-87d125906692","asset_attributes":["notebook"],"name":"machinelearning-creditrisk-batchscoring","asset_type":"notebook","created_at":"2020-11-09T20:10:18Z","description":"","origin_country":"us","owner_id":"iam-ServiceId-9e68bc5f-c5f6-4f6f-8bcf-e57f47b9d1b1","project_id":"5a5d4f35-4b9d-4cb9-bf75-c8030f9d9fcd","size":11366,"tags":["notebook"],"usage":{"last_update_time":1604952619704,"last_updated_at":"2020-11-09T20:10:19Z"}},"entity":{"notebook":{"kernel":{"name":"python3","display_name":"Python 3.7","language":"python"},"originates_from":{"type":"file"},"runtime":{"environment":"conda2py37-5a5d4f35-4b9d-4cb9-bf75-c8030f9d9fcd"}}},"attachments":[{"id":"b94bfe91-647c-403b-9cf6-9c4c9db96f2d","version":2,"asset_type":"notebook","name":"attachment for notebook dfa7eabd-48f7-4b40-b398-87d125906692","description":"attachment for notebook dfa7eabd-48f7-4b40-b398-87d125906692","mime":"application/json","datasource_type":"193a97c1-4475-4a19-b90c-295c4fdc6517","object_key":"notebook/machinelearning-creditrisk-batchscoring_vlYzgoSln.ipynb","creator_id":"IBMid-060000GRS6","create_time":1604952619703,"size":11366,"is_remote":false,"is_managed":false,"is_referenced":true,"is_object_key_read_only":false,"is_user_provided_path_key":true,"transfer_complete":true,"is_partitioned":false,"complete_time_ticks":1604952619703,"user_data":{},"test_doc":0,"handle":{"bucket":"creditriskproject-donotdelete-pr-uab2kseaosevxa","location":"us-geo","key":"notebook/machinelearning-creditrisk-batchscoring_vlYzgoSln.ipynb","upload_id":"done","max_part_num":1},"usage":{"access_count":0,"last_accessor_id":"IBMid-060000GRS6","last_access_time":1604952619703}}]}
