{"metadata":{"asset_id":"4b46108c-9ff3-4fc0-8b1a-f1743a5f0a0e","asset_attributes":["notebook"],"name":"machinelearning-creditrisk-sparkmlmodel","asset_type":"notebook","created_at":"2020-09-10T13:33:44Z","description":"","origin_country":"us","owner_id":"1000331006","project_id":"b3223144-2e05-422e-a305-3ff9e4d27d6f","sandbox_id":"b3223144-2e05-422e-a305-3ff9e4d27d6f","size":23447,"tags":["notebook"],"usage":{"last_update_time":1599745010566,"last_updated_at":"2020-09-10T13:36:50Z"}},"entity":{"notebook":{"kernel":{"name":"python3","display_name":"Python 3.6","language":"python"},"originates_from":{"type":"file"},"runtime":{"environment":"jupconda36-b3223144-2e05-422e-a305-3ff9e4d27d6f"}}},"attachments":[{"id":"87ca180a-da07-45c5-9f0c-b001bf2f2d44","version":2,"asset_type":"notebook","name":"attachment for notebook 4b46108c-9ff3-4fc0-8b1a-f1743a5f0a0e","description":"attachment for notebook 4b46108c-9ff3-4fc0-8b1a-f1743a5f0a0e","mime":"application/json","object_key":"notebook/machinelearning-creditrisk-sparkmlmodel_A4JorIja7.ipynb","create_time":1599744824393,"size":23447,"is_remote":false,"is_managed":false,"is_referenced":true,"is_object_key_read_only":false,"is_user_provided_path_key":true,"transfer_complete":true,"is_partitioned":false,"complete_time_ticks":1599744824393,"user_data":{},"test_doc":0,"handle":{"key":"notebook/machinelearning-creditrisk-sparkmlmodel_A4JorIja7.ipynb","upload_id":"done","max_part_num":1},"usage":{"access_count":0,"last_accessor_id":"icp4d-dev","last_access_time":1599744824393}}]}