{"metadata":{"asset_id":"ccb173ff-4d4f-4044-81ad-5f5aa493457c","asset_attributes":["notebook"],"name":"openscale-fairness-explainability","asset_type":"notebook","created_at":"2020-09-17T18:56:21Z","description":"","origin_country":"us","owner_id":"IBMid-506JGHKBHJ","project_id":"00668c28-b918-4102-b330-35248b3d5311","size":13731,"tags":["notebook"],"usage":{"last_update_time":1600369077998,"last_updated_at":"2020-09-17T18:57:57Z"}},"entity":{"notebook":{"kernel":{"name":"python3","display_name":"Python 3.6","language":"python"},"originates_from":{"type":"file"},"runtime":{"environment":"conda2py36-00668c28-b918-4102-b330-35248b3d5311"}}},"attachments":[{"id":"322dbeb5-b2e4-459a-b8ad-969e8aeb1400","version":2,"asset_type":"notebook","name":"attachment for notebook ccb173ff-4d4f-4044-81ad-5f5aa493457c","description":"attachment for notebook ccb173ff-4d4f-4044-81ad-5f5aa493457c","mime":"application/json","datasource_type":"193a97c1-4475-4a19-b90c-295c4fdc6517","object_key":"notebook/openscale-fairness-explainability_whKpZu8Lw.ipynb","creator_id":"IBMid-506JGHKBHJ","create_time":1600368981969,"size":13731,"is_remote":false,"is_managed":false,"is_referenced":true,"is_object_key_read_only":false,"is_user_provided_path_key":true,"transfer_complete":true,"is_partitioned":false,"complete_time_ticks":1600368981969,"user_data":{},"test_doc":0,"handle":{"bucket":"creditriskproject-donotdelete-pr-fybeovmk3jc2n1","location":"us-geo","key":"notebook/openscale-fairness-explainability_whKpZu8Lw.ipynb","upload_id":"done","max_part_num":1},"usage":{"access_count":0,"last_accessor_id":"IBMid-506JGHKBHJ","last_access_time":1600368981969}}]}
