{"metadata":{"asset_id":"2cc5b35e-c53d-4cad-86d1-b0345c4b24e7","asset_attributes":["notebook"],"name":"openscale-initial-setup","asset_type":"notebook","created_at":"2020-08-14T19:20:56Z","description":"","origin_country":"us","owner_id":"1000331005","project_id":"6b398bda-86ae-4e45-8c14-c3b7885d8897","sandbox_id":"6b398bda-86ae-4e45-8c14-c3b7885d8897","size":16129,"tags":["notebook"],"usage":{"last_update_time":1597432857190,"last_updated_at":"2020-08-14T19:20:57Z"}},"entity":{"notebook":{"kernel":{"name":"python3","display_name":"Python 3.6","language":"python"},"originates_from":{"type":"file"},"runtime":{"environment":"jupconda36-6b398bda-86ae-4e45-8c14-c3b7885d8897"}}},"attachments":[{"id":"d3426e22-3529-4ac1-8487-7b6f47fc2ad9","version":2,"asset_type":"notebook","name":"attachment for notebook 2cc5b35e-c53d-4cad-86d1-b0345c4b24e7","description":"attachment for notebook 2cc5b35e-c53d-4cad-86d1-b0345c4b24e7","mime":"application/json","object_key":"notebook/openscale-initial-setup_aIBOsdJve.ipynb","create_time":1597432857009,"size":16129,"is_remote":false,"is_managed":false,"is_referenced":true,"is_object_key_read_only":false,"is_user_provided_path_key":true,"transfer_complete":true,"is_partitioned":false,"complete_time_ticks":1597432857009,"user_data":{},"test_doc":0,"handle":{"key":"notebook/openscale-initial-setup_aIBOsdJve.ipynb","upload_id":"done","max_part_num":1},"usage":{"access_count":0,"last_accessor_id":"icp4d-dev","last_access_time":1597432857009}}]}