{"metadata":{"asset_id":"487c674d-72ee-41b9-a7a2-199374728489","asset_attributes":["notebook"],"name":"openscale-historic-data","asset_type":"notebook","created_at":"2021-03-18T15:06:37Z","description":"","origin_country":"us","owner_id":"icp4d-dev","project_id":"da4aadf9-f56c-4152-a7e1-fc9352a73c01","size":21609,"tags":["notebook"],"usage":{"last_update_time":1616079997242,"last_updated_at":"2021-03-18T15:06:37Z"}},"entity":{"notebook":{"kernel":{"name":"python3","display_name":"Python 3.6","language":"python"},"originates_from":{"type":"file"},"runtime":{"environment":"jupconda37-da4aadf9-f56c-4152-a7e1-fc9352a73c01"}}},"attachments":[{"id":"3076ad8b-a29a-4740-aad4-141904b17287","version":2,"asset_type":"notebook","name":"attachment for notebook 487c674d-72ee-41b9-a7a2-199374728489","description":"attachment for notebook 487c674d-72ee-41b9-a7a2-199374728489","mime":"application/json","datasource_type":"81bafdbd-b7c6-45c5-a4fd-6ec135f66f4e","object_key":"notebook/openscale-historic-data_lrJTxhnnV.ipynb","creator_id":"1000331001","create_time":1616079997241,"size":21609,"is_remote":false,"is_managed":false,"is_referenced":true,"is_object_key_read_only":false,"is_user_provided_path_key":true,"transfer_complete":true,"is_partitioned":false,"complete_time_ticks":1616079997241,"user_data":{},"test_doc":0,"handle":{"key":"notebook/openscale-historic-data_lrJTxhnnV.ipynb","upload_id":"done","max_part_num":1},"usage":{"access_count":0,"last_accessor_id":"1000331001","last_access_time":1616079997241}}]}