{"metadata":{"asset_id":"cca4328c-2fe4-453a-b92c-b5d68d9c29a5","asset_attributes":["data_asset"],"name":"MORTGAGE_CUSTOMER","asset_type":"data_asset","created_at":"2020-01-22T18:22:26Z","description":"Governed and trusted data to perform mortgage default analysis.","origin_country":"us","owner_id":"1000330999","project_id":"b1766ecd-5160-4ec0-8d9d-2ea6838611cf","sandbox_id":"b1766ecd-5160-4ec0-8d9d-2ea6838611cf","size":21980,"tags":["Discovered","Mortgage"],"usage":{"last_update_time":1579717458208,"last_updated_at":"2020-01-22T18:24:18Z"}},"entity":{"data_asset":{"mime_type":"text/csv","dataset":false}},"attachments":[{"id":"677dff7c-5285-42e7-b039-d75c1246ddf7","version":2,"asset_type":"data_asset","name":"Mortgage Customer.csv","mime":"text/csv","object_key":"data_asset/Mortgage Customer.csv","create_time":1579717347106,"size":21980,"is_remote":false,"is_managed":false,"is_referenced":true,"is_object_key_read_only":true,"is_user_provided_path_key":true,"transfer_complete":true,"is_partitioned":false,"complete_time_ticks":1579717347106,"user_data":{},"test_doc":0,"handle":{"key":"data_asset/Mortgage Customer.csv","upload_id":"done","max_part_num":1},"usage":{"access_count":0,"last_accessor_id":"1000330999","last_access_time":1579717347106}}]}