{"metadata":{"asset_id":"3b7ea180-9d74-4cdd-8dbf-b84462820cc4","asset_attributes":["data_asset"],"name":"MORTGAGE_APPLICANT","asset_type":"data_asset","created_at":"2020-01-22T17:41:16Z","description":"Governed and trusted data to perform mortgage default analysis.","origin_country":"us","owner_id":"1000330999","project_id":"b1766ecd-5160-4ec0-8d9d-2ea6838611cf","sandbox_id":"b1766ecd-5160-4ec0-8d9d-2ea6838611cf","size":64544,"tags":["Discovered","Mortgage"],"usage":{"last_update_time":1579715882233,"last_updated_at":"2020-01-22T17:58:02Z"}},"entity":{"data_asset":{"mime_type":"text/csv","dataset":false}},"attachments":[{"id":"b0b3d7cc-d975-4244-b0f1-be4b989dbe52","version":2,"asset_type":"data_asset","name":"Mortgage Applicant.csv","mime":"text/csv","object_key":"data_asset/Mortgage Applicant.csv","create_time":1579714877171,"size":64544,"is_remote":false,"is_managed":false,"is_referenced":true,"is_object_key_read_only":true,"is_user_provided_path_key":true,"transfer_complete":true,"is_partitioned":false,"complete_time_ticks":1579714877171,"user_data":{},"test_doc":0,"handle":{"key":"data_asset/Mortgage Applicant.csv","upload_id":"done","max_part_num":1},"usage":{"access_count":0,"last_accessor_id":"1000330999","last_access_time":1579714877171}}]}