{"metadata":{"asset_id":"7561b014-5b9e-4cca-bfc8-820980ae8508","asset_attributes":["data_asset"],"name":"Mortgage_Full_Records.csv","asset_type":"data_asset","created_at":"2020-01-22T17:12:52Z","description":"","origin_country":"us","owner_id":"1000330999","project_id":"b1766ecd-5160-4ec0-8d9d-2ea6838611cf","sandbox_id":"b1766ecd-5160-4ec0-8d9d-2ea6838611cf","size":28088,"tags":[],"usage":{"last_update_time":1579713172910,"last_updated_at":"2020-01-22T17:12:52Z"}},"entity":{"data_asset":{"mime_type":"text/csv","dataset":false}},"attachments":[{"id":"5a4bc9b3-26f1-450d-9eb3-93f0b2afa2d5","version":2,"asset_type":"data_asset","name":"Mortgage_Full_Records.csv","mime":"text/csv","object_key":"data_asset/Mortgage_Full_Records.csv","create_time":1579713172643,"size":28088,"is_remote":false,"is_managed":false,"is_referenced":true,"is_object_key_read_only":false,"is_user_provided_path_key":true,"transfer_complete":true,"is_partitioned":false,"complete_time_ticks":1579713172643,"user_data":{},"test_doc":0,"handle":{"key":"data_asset/Mortgage_Full_Records.csv","upload_id":"done","max_part_num":1},"usage":{"access_count":0,"last_accessor_id":"icp4d-dev","last_access_time":1579713172643}}]}